client_uuid,first_name,last_name,middle_name
68c9495b-7cb5-4c92-bf74-a65b29b02945,Paolo,Moneypenny,Clem
2c5b60fa-0a20-49fb-926c-a290e1b3b9a2,Winifield,Sweeny,Aloise
0d4da6e7-cbc9-4215-9dc0-8decf9ecd868,Coleman,Cazalet,Inger
2fd977df-9358-4b99-964a-202b83bf3b0a,Paige,Kier,Law
a087e8ca-579f-41d3-a3b2-1393167d1415,Desdemona,Krabbe,Wittie
c63a9d51-a478-4ff1-aacd-32d9439f71ba,Coreen,Carous,Pam
32e0194d-3bab-449e-8dd7-ae798758b353,Malinda,Darrigone,Linoel
48e6c611-b2bd-436d-af9a-f96a42a8a315,Darelle,Ivakhin,Arty
15c13fe9-65cc-47d4-94d0-bc5e44ac58bc,Emma,O'Grogane,Lebbie
7e212df4-67bc-4f6c-ae9d-944898e72ed3,Otha,Hadigate,Clair
df70bd2d-5e2d-48fc-9363-d023cc195a17,Glyn,Dinnis,Geri
e61fa3bf-edbe-408e-af20-1c7479dbbe66,Shirley,Turland,Richard
3c8084fa-8cb4-409b-8117-f6ab701d9cdb,Bendix,Newrick,Enrichetta
38ee7224-a6a5-496f-88af-469c122ff15c,Zane,Derbyshire,Ariela
3ad55fb3-c8a1-4455-84fe-beb3bbbe8bd2,Jerrold,Playdon,Jilly
c35b106f-f545-4b8e-960e-74ab817b4f2e,Ashia,Copeman,Nolana
73038368-bc34-4750-87a7-2f9f25a25ffc,Jacklyn,Rivlin,Warren
056b47ee-239f-48fb-8e3f-d66bd2a9513e,Osborn,Clipson,Katerine
c83415ba-3cd9-45bd-b036-5143658ee178,Isiahi,Libermore,Hasty
abfb7c5c-a30c-4408-9547-585b1a6dc4f3,Melinde,Swadden,Ashia
49c54f01-1eee-4b4c-98c7-f5a677e762e4,Cody,Bear,Maurice
758594b4-c83a-4d7c-a592-0a712995b480,Lora,Enocksson,Jillane
9ce186f5-0a68-4e7a-bf6b-eb03f1111d46,Ferdinande,Cant,Salomi
ffe500c1-3942-4d6d-9c50-458332168980,Haley,Hafford,Rocky
8b8e6c20-f3c2-427c-838d-9b150d704802,Son,Gonin,Colan
f7b017cf-e634-4ffd-b09c-ed56c470a121,Sky,Wilkes,Minny
f0d71cae-304f-48ca-ad06-268f0b0ce578,Brandy,Milmoe,Kendell
5287d882-011f-4a2e-b97a-fc12a19a7cb2,Phylys,Priver,Marris
67041431-78b6-4c34-905d-fc28532eb7fb,Winni,Garrie,Farleigh
16c33285-bb8b-49c1-afb3-8e382656e825,Dannel,Gerrad,Tessi
d7140e18-693a-4431-a016-fe53c4203043,Christie,Roughey,Gertie
85438600-23ca-4958-9255-082c32f2cc0b,Drusilla,Joynes,Zacherie
8f6afdbc-3095-44ec-820c-aff6dfbd3abe,Kimbra,Duinkerk,Mureil
265e6b33-97a6-4b9e-bfdb-6f64abf9c59a,Arin,Lawey,Basilius
1dd89153-b0a7-4aa6-9bae-42494cc71b82,Magdalene,Beardon,Betsey
e7cef12b-f150-48c4-a6e9-1e8d48ea6551,Brendon,Robinson,Chastity
2d78e57e-a601-4a91-b300-b6e939c15216,Riane,MacNulty,Emelda
ab0c66b2-52e8-477b-b3e0-06810ce3f694,Kristi,Spavins,Herve
e7f57411-02f8-40e2-9a62-b9e9092d1116,Skippy,Standen,Lorenza
7ba8d37c-371b-4aeb-8b6d-62c65ef071b6,Gertrude,Portsmouth,Con
136912f6-1603-4e1c-ae2d-db0938315cbf,Dania,Bartosinski,Dallas
ad6e3b8d-cc8f-421a-9ded-124cdcc2f237,Guy,Atherley,Padraig
0206dad4-ed4a-41bc-84f3-7801b04e5ca1,Liam,Naughton,Kira
83e99126-4585-4905-a76d-c23f21142a70,Onfre,Belson,Darn
14092258-20de-42ce-b439-86fbcae4a656,Dacie,Spottiswood,Alberta
3345a086-3cee-4182-8611-b08d7d1ef2ee,Sigvard,Overell,Lily
bacc980f-fbca-4293-9194-fa43e4e65cdf,Thorny,Filipczak,Genevra
d22a11e3-cb23-4aff-9953-78ecbc0aaef4,Wallie,Surridge,Joyan
bc03f413-0acf-4e2f-a1a5-5a42920bd241,Carine,Peidro,Demetri
335727d4-e4a5-4f56-9c1f-541c84775827,Desmund,Grute,Cymbre
9d5507de-c73a-439d-bfc2-3e52ac4d0aa4,Dorey,Bastide,Gwenore
df6c4baa-159f-4a4a-a5ed-f918389d0f77,Dita,Galpin,Colin
33c1e055-4c5f-41ce-b060-d50866483aca,Gale,Linnit,Bess
c8a9567e-aa28-4766-9649-8104440c6564,Antonetta,Assur,Dulci
ca67e9d4-05cb-43e8-8708-a96e90fbcbaf,Sandy,Wharlton,Anthe
0cd89b0b-ba3c-4294-9bed-af51c0ac9a69,Eddy,Elner,Ara
f6422a80-8e82-4e53-92fd-baf3bda65621,Verge,Walworth,Lew
d309a091-9016-49f9-8557-27e3d51dc49d,Dannel,Argontt,Ozzy
361324ab-d851-46e8-8652-d27dfd5d0be8,Holly,Balam,Winfield
f4f9715c-4468-4275-b8a0-215cec341958,Delcine,Checcucci,Ram
424265c7-e94a-4520-861c-341a0434fba7,Sheeree,Pariss,Valdemar
f5ae7bef-5a36-4123-8912-8a0d342c4c30,Milzie,St Leger,Gilbert
c9c87696-faa4-468b-8afe-d72be0ced203,Giacomo,Fackney,Marwin
a90f0155-c544-4063-8b85-e824180b465d,Jenilee,Upward,Ced
05a0a04a-8223-44d3-b4fa-9c661083fd83,Shalna,Le Grand,Fransisco
1d80230f-580c-4283-aff6-062ab0554176,Viv,McCallion,Petronille
7d1fa50c-9a2f-407a-8c98-4dca4852e241,Shena,Eltun,Lenee
113632d8-1548-4f93-95a6-a3efb3af13ea,Peyter,Charlson,Lucille
fe393def-82a3-45cf-80a1-c1a7f6c41d99,Rosalynd,Forsythe,Damaris
1004d11c-ca0d-49e5-a182-89623ea99a18,Guy,Dunbleton,Michele
68bab4a2-10c5-4580-9199-0b02974b82d3,Blakelee,Cullinane,Kathy
2fe520c4-7996-4022-9966-9591f31c2cc9,Lorilyn,Chasier,Pearl
53f7a379-8b5d-4220-a9f9-f29621424fef,Raimondo,Whitham,Meaghan
21b5f94c-2e34-4eca-a972-1c5a65ce6b9f,Claudine,Landa,Lissi
0371b9ac-ba94-4199-9dc8-a675388ec3c5,Kitti,Marcinkowski,Nels
4b0fc575-625f-4277-8566-b6971da60518,Tabbi,Grzelczyk,Sarina
f70a956c-7a5f-4c34-b421-656d73ab27ad,Elia,Venediktov,Cchaddie
bab75800-b788-4939-9f39-f63d01b92ecd,Giorgio,Docker,Curtis
b4479dbd-d7c4-498f-b276-2d472dfe9c2b,Chaddie,Bartrap,Bonny
6ddd960c-3d77-486c-884e-677d4f50dea6,Jodi,Gateley,Bunnie
473d794e-226f-48c8-8eae-a04dc20dbac0,Ardeen,Teague,Fitzgerald
fd395e6d-b111-4248-b5f6-8eecd3604e67,Heloise,Eveling,Broddy
9815aced-224b-409d-9b9e-ffe734364268,Chris,Hingeley,Anita
a5b293ad-4d3e-45e1-997f-07249c9862f0,Allin,McCraw,Erskine
fe7c425a-2768-402d-bb39-835dfbd38500,Rosalinde,Lakenton,Meryl
82bd1dc4-f6b2-42c9-9194-076dc3b498fd,Burton,Crafter,Lauren
f7bd794b-28a1-44e6-b0d5-20db50ca8cd8,Beth,Tottle,Angelita
04437342-0cfb-4456-9db6-e5a433f443eb,Raven,Reah,Eran
80eb79f5-9f45-4f0d-b687-dfedd814fecf,Kearney,Afonso,Giffer
5299fe87-ad9d-4c36-98c3-0e6e67c74935,Massimo,Wem,Marney
b40a5a06-be34-4f82-abff-62ef92e4b6d4,Bibbie,Allcott,Callida
ea15295a-64da-4dd8-89ea-ef231ac31929,Leona,Whyman,Adriaens
a3adb540-0bce-4e8b-8207-b0308e1c9b51,Roth,Etchingham,Pippo
9964f7a5-5c84-4188-b0ce-d6249bc89c9a,Fiona,Larcombe,Sander
fb9d1943-2dc4-4dfe-a1a6-c3067d7eba78,Elliott,Duffer,Gladys
792050e8-035a-4845-bdf1-9619cb746c27,Keriann,Senton,Jake
212a4f03-1543-429e-92f4-845aeab0f582,Kathryne,Tarbet,Alicea
3e303f40-7bad-4256-99cd-bad687f1e03a,Dacey,Gladtbach,Desdemona
a5fb716b-4ae0-423a-a1f4-0e16952c4d9c,Stormi,Vallerine,Irene
d7eb1632-83d6-4f6a-ae61-cbf92d97e334,Clareta,Knyvett,Kearney
a5fe517e-ce79-4241-8be4-7de44295d666,Doralyn,McCotter,Anny
7a7266fe-4dac-4527-8977-3862086009a9,Vitia,Backhouse,Errick
2feb1232-92a7-4a7e-a563-f661ace62e7f,Janot,Beardsdale,Ailina
1a9f029e-778a-42b3-aa99-966f30871f38,Rozella,Pautard,Fred
6af409ab-29ae-410a-8038-09682c81cfce,Benedicta,Iannazzi,Ransom
cab2b56c-193d-4414-be4e-538093a66ad8,Ive,Backman,Helenelizabeth
4fac5b66-494d-4c3f-9d03-0b087c5855eb,Austina,Rosendale,Horatio
2d2eae24-1a18-480d-badb-8fe5e8093364,Harriet,Pruvost,Rand
6e360104-be29-431e-b5e8-141760ea0728,Theodoric,Crake,Dreddy
29173bb7-6819-4aa0-bc88-96d75c4d4e6d,Chris,Seys,Gibby
47c579d5-790f-4064-899e-10d57baa485a,Cosimo,Futcher,Eran
77a03159-2276-447f-971c-b911723ca77d,Arliene,Burnside,Mollee
1c2ad0d7-6d05-4e89-bb49-b8048490966a,Kristoforo,Poulney,Laurent
cee0f9e4-7ed6-411b-af9d-91a52d68dc8f,Duke,Eller,Sascha
2bd0e253-dba7-47d6-a4a6-3bd8dac41326,Bernette,Minerdo,Amabel
3b0726f8-f779-4571-942b-abc686b984fd,Crichton,Nattrass,Etan
3e00d1b9-5066-41bf-9f0a-18ae5829e9c2,Kip,Leipnik,Filide
3faf1aac-1a29-49d0-a5b3-2280e2081aab,Zelda,Cutts,Rebekkah
ff25648e-14a6-45ac-9dea-7cf2a55dcaa6,Mandi,Crock,Homerus
f564c248-48d8-4a5c-8ab7-3866428c7e92,Reid,Passie,Marji
80756c26-9ebb-4a7b-b489-8a62bbcfe3f9,Anallese,McGebenay,Hugues
028ef359-cbe1-43a2-a602-c6ae1b9c99ed,Mychal,Scarlet,Artemis
def01ab0-1d8e-487a-9038-46c56bf25eac,Livvyy,Peckett,Elnore
54f68eab-8127-4f44-a9a4-568831c47006,Dulci,Frie,El
c260c9f7-4f15-44bb-ab92-b349d5048a07,Elisabeth,Mattock,Barron
2140c692-205c-46bb-b48b-fac97d153d0e,Courtnay,Oakwell,Emmaline
662bf007-e5e1-4d3d-8df6-c0713571d515,Clevey,Nother,Agnella
55829067-d7a6-4889-8cc9-29f91cfb1218,Mignonne,Hedlestone,Russell
ac5fe6da-1c7a-4f21-8ee0-9661760fca8b,Karylin,Bedding,Allan
def44fbd-a711-4217-b039-6fdd81f28524,Minny,Duny,Ferdinande
f5fd3ba9-f464-44b4-88a2-4214376a7baf,Herminia,Briggs,Timmi
5f18488d-1de5-4304-8ed1-f65be6cfcae9,Angelika,Marcum,Laurette
fd34b6b1-33c4-4776-acd5-d47baf73b8ec,Lilli,Ricard,Kippie
c3154a16-4217-4c99-b12f-d1cf47178ec4,Velma,Linster,Ainslee
b4bba56f-8a36-48cf-bfd3-4af8e514160e,Katuscha,Farlham,Kesley
76c52466-f3bc-412b-a1bf-c52194718e12,Stesha,Strickland,Yorgos
e19d6682-2821-4344-9a8e-54a905bc2efa,Torrence,Devenish,Denney
8d803901-a0d7-4c03-8976-4e1dbb7f209d,Ari,Joyson,Norby
084cb1f3-ea51-4b1b-b3b1-7eb1c0aca47b,Jecho,Connop,Lin
5f105fa1-8b20-43c4-a757-01e81f1605a9,Rhianna,Maslin,Kellie
d048e420-1854-4ff9-93c9-e12ee2b9eecc,Cobby,Mapstone,Eve
014c7c73-0b79-4e43-bde5-eb01efcf73d5,Roman,Leverton,Sig
f633c22f-79fd-477b-957f-ce8a65d2e520,Dorelle,Girton,Bobbie
b3541fc5-99b7-442d-8989-31ef877b4c61,Josepha,Stansbury,Sallyann
92314633-fd5c-40ff-b42f-c7078e77927c,Bertina,Pinxton,Brinna
c103516a-a358-484b-94de-6e1e8e490393,Gerrilee,Crankshaw,Harmonia
99c60388-9cc1-4b1b-8f92-5a3a90e87d2c,Hillie,Kiledal,Arlinda
4edc7481-175a-472f-bec4-91a1dbf97cdc,Catie,Erbain,Jeth
051a7419-91e0-47d6-8686-ed10130a586d,Marietta,Swadling,Tabatha
494fcc1a-0c1b-4f77-a541-1b260ae23eb2,Odette,Melendez,Kore
8978ec5a-3735-4d3f-9b4b-6a219915aa78,Budd,Sciacovelli,Eleanora
ace51f5f-c311-40ed-9497-5703b87fa685,Reade,Hesse,Diandra
9ed17c8d-4126-40cd-8635-4f008b6f5147,Bette-ann,Darter,Freddi
5c640e39-b927-4c84-b31e-93f75bdbbf87,Vivien,Leglise,Caril
f14089f8-4607-4e48-93da-8d66a5016ca5,Michel,Monier,Terza
f7607578-ef5d-4355-ae25-9228a46fe490,Mattie,Watt,Juliane
59b0a2eb-2b38-40c8-8b34-3987b6dd10d5,Liuka,Spanswick,Giffie
5b608282-6e4c-4769-b784-05ad5b1ea182,Viviene,Cassam,Gilbertine
c6eb04f5-ae59-4714-ad5c-e201f87a0e7d,Doralynn,Kiggel,Terrel
c9a6c868-7e2e-4dca-a6ed-2ddda586dea5,Veronike,Thomasson,Tab
75a17857-b400-464d-89ba-f6026da1a535,Nessi,Galle,Carline
e209a96f-e116-4bc1-9063-d04fca4f234d,Carree,Ramey,Wilona
ec36fad2-e079-4c10-bdf2-61aa75bd7f17,Rube,Swindlehurst,Kettie
515ca6ff-2cd8-4787-bba2-986500ae5f7c,Claudia,Ronnay,Hew
ce2769a7-fc74-4a91-8909-bcc0aef79eb2,Chauncey,Gadesby,Consolata
98deebed-f3f4-4b61-9a29-50cb808e7544,Reed,McAster,Gonzalo
4eadd5a7-df20-4b49-9be7-d2dcf5eee7c7,Ekaterina,Ipsly,Carlen
682ed3bc-bcb7-42f9-9182-1be99f9796b4,Ancell,Fidoe,Alysa
1d2115ab-50a9-4299-9544-a38ade2f9872,Jackson,Leander,Chilton
e3e55d28-8341-40b4-87d0-277703d12d51,Kalindi,O'Hanley,Wilone
ece2fe8a-f7cc-48fe-8b3c-10c2b09596ed,Addie,Vasechkin,Findlay
c9d04900-76ec-4d9f-b74f-ff2f51b97b7a,Norean,Shipston,Koralle
3cfbd9e9-27f5-4db5-bd1f-520d06420c17,Katti,Gersam,Halie
3f101c5a-e5c5-488b-b3a9-62acf0017886,Charis,Hudspeth,Rouvin
1997fa95-b974-44e9-b09a-ed03fcd2fa01,Jarad,Bristo,Halimeda
ec229ef1-d9ac-4c3f-8f4b-f617164f6305,Zachery,Beggio,Hollis
a1b46b23-b609-4ebd-91b2-3ed3d5ec759d,Amargo,Findon,Bobbe
9c35d391-9ad2-48a4-a5db-798f914ae800,Aline,Covendon,Raye
07c16403-20c7-4b2b-ae77-1158bcd80664,Jo,Palmer,Nonie
20f6646c-ed00-45c5-b470-ce24bbab4c55,Cherrita,Gask,Aubrie
5838feb5-068f-4c34-979c-d344c813f6f0,Naoma,Findlow,Maison
d64ade53-c3e2-42dc-a639-21529c0c2077,Claresta,Gergler,Asia
08df0626-4e3e-4e19-bedd-c08c7a359d18,Yanaton,Bacchus,Desirae
d6ebc39a-dfb4-446d-8524-6e0f399acc74,Harcourt,Berndtssen,Hanan
4b07df75-d0a5-4b19-8dbd-d7267cf651e8,Gracia,Lamputt,Katie
450c3438-3635-4007-ba9a-0c114b50a2a9,Dominique,Poxon,Worden
873e800f-b9d8-48a6-a22b-1a664d547e9d,Dunn,Hinsch,Bobette
ad79abad-d124-43c4-afc5-adad11ef66ff,Natty,Metterick,Doris
5217d044-5d01-4b07-9505-d137c693e827,Roseline,Beldham,Benedict
ebe1fae6-7df9-4440-866b-68d82337ca4c,Ilene,Yitzovicz,Egor
344b5728-e6e0-4aae-af45-1b93acb74b04,Duffie,Cheevers,Arlen
b10b56f8-1334-4299-a9f0-5dfc6cf4c8c5,Jori,Axon,Quintin
7713bde9-3aaf-4306-941a-b01ef857dea1,Ryon,Maggiore,Evelina
6481fba3-feac-41c0-9ac5-5ac7938b45b5,Aldon,Worssam,Jayme
00775fa7-25eb-4b2a-b669-73d48860954d,Frans,Keighley,Haze
c2cca99b-246e-4f57-b4fb-e8b0ca3373df,Myca,Camings,Sheri
bcbf0c2b-d611-46df-9494-547d70290aa6,Barbee,O'Kuddyhy,Michel
b1ca9305-87b1-43b8-970e-e7ffc786db51,Nickey,Burnip,Doll
64a830c3-f4bb-4329-93f5-c9693fc6af96,Ellynn,Bayston,Aylmer
36e23dcf-fefb-4ff4-b858-b04a192bcdb9,Alma,Borman,Renae
3ecac0fe-5c4c-4f4b-931d-badb67b78726,Bianca,Scollan,Cheri
02e51939-316e-4bdb-83de-c40f08f52183,Emmie,Lymbourne,Misty
995fbca1-7a37-4655-97d1-55f9619414f0,Rosalyn,De Ath,Beilul
48859c13-4614-4de4-b2d4-c117bd01e3f1,Newton,Motherwell,Kary
10c754db-d7fa-4489-9548-f0a83d7d2902,Erminie,Applin,Arlene
462cbc61-37e2-426f-9e9e-def3e3618f1a,Lilia,Lange,Benoit
3bd4e501-9285-420c-9224-2a3909de0c53,Chalmers,Belone,Karen
453b4302-113a-40e6-b32d-0e457ad77e97,Keefer,Sissens,Chickie
569f03cd-3e20-4536-a7f7-b027eaacfb17,Grissel,Cochet,Phillipe
8e13da74-eff7-408b-9ec2-2e37336a0e1a,Lucila,Charnick,Crystie
cf58d6f3-e7cd-479e-82a1-264f1a3c6007,Phil,Soldi,Stephannie
eac47944-b00a-44e7-ab59-cf43f3c4dfb2,Marguerite,Peegrem,Silvio
a1da4956-0a9b-4e72-af0b-1ed73f146850,Booth,Bencher,Bronson
9258cbc7-e961-46b0-8684-464842e4adfa,Nari,Bernardet,Leshia
ebfd9f15-cc8c-42ff-ac57-0bf371556a08,Ricard,Hainning,Gualterio
b58d078d-e309-4db3-b0c9-ecac1535c16e,Jae,Jacombs,Briney
cdbfc1ab-7e8b-414a-986a-ac39448a140a,Brander,Benford,Aviva
d337efb7-a2e7-4e47-9908-e33f948cfbd3,Rosy,Hargreves,Devin
ec201607-26d3-4b1f-8f20-567333da5f1f,Kerry,Della Scala,Brock
4a1c99be-fc79-47f4-b72c-f789953a1e24,Wilone,Hatchell,Carter
6d0e2ccf-e32b-4c6f-a4ac-037557ba98a1,Boy,Joblin,Jacintha
ec49068c-8c7f-4b98-992b-715de900ed83,Molli,Liepmann,Jackson
6ce4e1b0-4dfb-40b3-8dfb-8752c860d356,Jamie,Claire,Sayre
be045af3-932a-4114-b616-272d276ec081,Lorianne,Bust,Bathsheba
0afddc5b-ff4d-4ddd-a56b-e7752dcbe894,Rhodia,Eicheler,Everard
b004da73-43c3-4d80-88df-1a051fe84a2b,Giacobo,Asser,Raimund
2a219f2e-039a-401e-935e-3031722aa3b6,Gian,Egglestone,Desirae
975e8cc7-6cb5-4fe2-be7c-8ddb3d6c4eb1,Alwin,Ingold,Nathaniel
f8ddfddb-74a3-4b7a-bf73-1300c5696cf8,Edgard,Mate,Keefe
3060f02a-abc8-4cc5-a024-9fb80b4d83e4,Eldon,Postians,Guillaume
1d006e0c-85a7-4488-b67b-bb8c33009820,Cyb,Maliphant,Stoddard
29302dfb-1b02-40c3-bcc1-c2e9f283139e,Rocky,Gosden,Boyd
3b996349-d88b-48dc-9e81-e948d956ac9f,Lou,Moss,Marshall
9dd544b4-4846-49db-9971-27c3a4ccdfe2,Vinnie,Drewitt,Harriette
a7a771e2-32ea-4d26-b3ab-d884142666e5,Drusilla,Gaynor,Marla
e40e017c-67cb-456c-be23-ec3d2fa1c878,Cullin,Karpov,Weidar
d0019a73-1f60-44e0-8015-acf269500fda,Florry,Springer,Cordy
887eae3b-2326-49c4-b917-6ea4a8ca3672,Bone,Widdall,Marian
0f1583c2-d925-4096-94d9-9f4190e738b5,Adina,Pusill,Moise
1fd1ad1b-6a14-4cc5-a8cc-05110172f581,Garv,Barnshaw,Lavena
fdd8d3c4-a58a-423e-8e4f-fb14ecca9f17,Kile,Snailham,Zelig
bc376fdd-3a73-439c-ab10-8c68014f14af,Tate,Vesque,Hyacintha
360597c1-85f9-461a-b6cd-39fcc0ddcd4c,Carole,Cruddas,Josefina
0b00d3c8-2dcf-4ff5-b207-987062b5c776,Fredra,Gypps,Les
1b89fde5-a0e1-44ed-bb6a-93140fff90b1,Dareen,Hise,Murdoch
93015e78-bbdb-4645-b20c-51ad6721bc09,Phil,Miller,Augustine
c9e46949-0201-403f-b22b-4c870a7f8505,Curtice,Mac Giolla Pheadair,Claybourne
d2532d0f-53ac-4566-933f-0f6986b7bcc0,Nalani,Crowther,Fair
6bcdaa83-efdb-4a7a-8678-75d0d6f5d384,Kara-lynn,Padkin,Jessamyn
cb1edf2d-db86-4a3a-962b-538b18b97603,Israel,Balsdone,Elladine
e9e7a323-e964-4353-9f69-bb3be5b32adc,Lise,Toe,Evangeline
8bcb022b-7981-4ddf-a300-4a2827c888d1,Horatius,Moulsdall,Kailey
106ec46a-e2dd-49f7-b31e-aa11fe35876f,Abbie,McRinn,Nester
c5d2ea6a-4edd-48a8-9457-53d94408807b,Lenci,Sanches,Kennith
20bd9fee-aec5-432a-b8c7-17d44eb04a66,Karalynn,Kynvin,Natty
e038e2e4-e860-473b-a9b5-8e11d2afc0ff,Kassi,Veljes,Mar
a03e7f8a-9ca4-4ba6-8922-fd51c4afe280,Herrick,Eales,Gale
c9cec197-3297-4aad-b761-a566c4ee9439,Jaquith,Kleinstein,Beverley
393665a0-694d-4db6-a908-d847dbd352ca,Leslie,McComish,Emlyn
8f64db9f-c1e9-4228-af29-b1fa29b6426c,Marsh,Opie,Lemar
7a744342-08ba-4e00-8d11-9bda42a9f09e,Nanon,Heber,Fair
46a92378-4936-48c8-b377-11ed22198e47,Lorianna,Turbefield,Babara
da0f4913-4597-474b-b5f7-419054c7ec6f,Adaline,Durnell,Adeline
5dd3132a-3bc8-4382-a297-6ad49baf5df8,Piotr,Kleeman,Thaine
cb1590de-4ad7-45e4-be43-a49afae97ed8,Ronnica,Flaherty,Lise
358059df-80c8-4231-8f7a-08160f1d3798,Godiva,Gates,Nahum
b1d182c5-e7da-47a1-8cf5-8034ee312c93,Travis,Drews,Adena
9e34762b-2bf8-4e52-9fb7-39ee4b4c1092,Nick,Illston,Rogerio
511f3b6c-4c3b-47b6-8ec6-a4f8a08d327e,Linell,Wapol,Sylas
b0e38ee7-986b-4617-be55-9fdedb2abaa4,Eduardo,Suthworth,Caddric
ff528e79-1032-4bd2-952c-69d40f323ed6,Rosana,MacQuist,Dore
1dca93ac-3363-4122-9e66-a515524f1b68,Findley,Castree,Morganica
4959f7f3-786c-4883-8b70-d4d525a27fda,Lincoln,Ellesmere,Anallese
c61a2b76-2885-49e0-abad-509f75f1bd08,Perice,Ortet,Manya
09486e25-f8c1-43ca-b12a-9be981decb28,Trevar,Shailer,Ephraim
8ecbb665-60a1-4664-b53b-96b4a4efeeee,Lottie,Gulliford,Melantha
52db4126-36f0-4212-bdab-c8efaa5e2009,Ginger,De Malchar,Sayre
9de65a6f-2084-40b2-9fb7-9433a706fd8a,Thane,Lanphier,Nicko
a3b446dd-1c8e-405d-8f0b-a4324c9d4d56,Nikolai,Feehily,Minna
92c66021-1272-4598-822b-64cd30f78c03,Shamus,Doman,Rennie
0a9d36bc-f2d2-4351-96e2-8bc2b5c4f43b,Bartholomeus,Cliss,Sargent
269ee7b4-2fb1-4556-b667-e29a126b2f8d,Madelaine,Yarrington,Katti
f3b07beb-4c92-445a-aa1c-b3189950626e,Abigael,Perez,Creighton
b1138f75-430b-4abc-9826-48fad2c46053,Wilmar,Baldrey,Neils
bbdc34d2-f289-4cd8-9507-7cdd7106b4a1,Henrieta,Pragnell,Hervey
683ad77a-87d7-4c95-852d-2d79c407ad3f,Toma,Torns,Nilson
84ee692b-8f0a-4212-a6b3-ecece58845cd,Fifine,Woltman,Kessia
e6c156dd-6686-48a3-9ced-58cf9a0026f8,Micky,Voyce,Olimpia
074e7b8f-e10d-4f23-91e3-807bb283c7ef,Rodrique,Ybarra,Julieta
e9b97179-9bc6-47f7-9913-00e5518d60b6,Almeria,Gabbitis,Cloe
f6140921-a6a4-4bd0-842a-f09f3829db58,Ada,McCurdy,Leola
4d9062dc-45f7-4cc7-ae2b-30cd708ec20c,Murdoch,Taffe,Bent
04f367d7-ef59-4575-b34b-e0d6aa4da496,Minne,Mulqueen,Earl
2b39666b-3266-4ff8-bbb8-8dc0a57fe4ea,Danika,Freschi,Francyne
9f26f70a-ae54-438c-9e50-9e037a683304,Nicola,Lott,Humberto
a9fa51b9-f81e-4175-9643-2fadaae3013d,Gerick,Fagence,Hodge
ff2d0e25-5442-4072-83d4-c86d13dc4c7d,Nicholle,McBryde,Rosaleen
01aa47bf-7f7a-4070-ab61-ba922c38f03e,Marshal,Castagnaro,Bernard
9a278d36-3cfd-40cf-ae90-712fe67387aa,Morley,Ianniello,Tristan
e0768527-55c0-4174-a9ea-8eaa8f984e30,Inga,Hollerin,Eleonora
03cf7808-00aa-4311-8e42-bc7a94f4af02,Kristoforo,Opfer,Arlinda
6edfcaa1-c62d-4734-8f26-b5a5064a1907,Coreen,Lamb-shine,Shirl
2012f9d5-79b8-4664-9f90-95d2ccd90271,Brooks,Oswal,Ursulina
8a120cba-3c1b-47dd-a589-eb33b8f32dc7,Anatole,Ricciardiello,Brannon
b891b20f-f2b8-4150-bc1f-5ace6068e6ac,Elyssa,Jeaves,Leigh
1e164d3c-97ed-49c6-9233-2ee5ec430bc0,Karim,Skipton,Salim
10989246-8b9d-435a-8a23-f3a871ab2407,Romonda,Caught,Luca
1c8aa272-47a8-4f92-ac02-67792f833e91,Constantine,Abrami,Boote
673d4e54-1450-4de2-9d93-8f1e264561d2,Orazio,Finden,Baxie
2c3d02d1-b24e-4c1f-b553-bc9685ea3c04,Mina,Lonsdale,Cassie
2c001f2a-c317-4993-a6cc-b6663702bfd6,Cecilius,Jonin,Quent
6d9e258f-63c6-4cce-8d82-74e157b74459,Ignace,Ladley,Alexis
25875ddd-5ab5-400c-9e10-5e9998d93067,Cecily,Banke,Gustie
77deae3b-f959-4355-8212-56c1aa7c8c90,Cristionna,Gambrell,Broderic
83b21dd6-f7dc-4444-8360-13d287eff5f4,Matteo,Ambler,Carver
4ac01d13-3389-4f55-940c-a18884fc24c8,Hillyer,Goodsall,Kittie
3b60ad18-0bf9-496c-9b0a-ac1af35f8f6e,Win,Haistwell,Ingrid
7db34203-88a5-4636-9615-594511048041,Merry,Lewendon,Bat
515fe148-103c-41c0-914d-b5606e7999a2,Saxon,Waite,Conrado
2d8ba8ab-de13-4d15-9efd-9ff9f3f1d308,Koenraad,Sotworth,Davidde
b45f5e73-14f2-428c-8913-6db26759061c,Willi,MacBrearty,Mehetabel
9006e0e0-4c4b-46a1-a828-48067fd9b92a,Joletta,Duckerin,Theodor
5ffa2d75-ae15-46fa-9fd2-8c01baa691c2,Edd,Files,Madelina
99a348b9-6024-4fb7-89de-dc460b946531,Berenice,Peirazzi,Darbie
df4a9d2d-ea35-408e-bf93-a5e08cbab40e,Merrick,Schwartz,Carmina
d2d989bf-2ce4-4061-a85b-490c5dcb0c55,Ted,Larchiere,Aurelie
fabc603b-2a8b-49a2-9ba1-f138e058aa4f,Carter,MacDermid,Gwyneth
012b1667-8be4-4b0f-b920-8854d7c3a6ce,Valle,MacAdie,Innis
5e303a7d-bc6b-4d6a-992f-dbc667436114,Terencio,Ellam,Bartel
c6391c9d-bdec-42ff-ada5-5ac0d8caf893,Bettina,Smitherman,Cate
39b2d6d5-771e-45e3-a586-94b40f4cd4a8,Biddie,Kharchinski,Dorey
f46b56c5-6734-4147-bfe8-d451c6b432d7,Baron,Jaquet,Rochell
04000d19-1850-4657-bc2a-3d02ff558b8b,Carolee,Ixer,Reuben
27588f1c-5a4f-42d3-b82f-20a38b93c588,Ethelda,Lidstone,Janela
3b88a953-a754-4da5-a58b-0c0deea070ae,Warner,Hovie,Merry
12a1411f-aa8d-4a0c-b765-58fe66db64d0,Gawain,Willett,Aristotle
91949358-7df0-4e7c-840c-2ea20cc96aa1,Warren,Dmitriev,Britney
cefe5435-c804-490d-aef6-7ae46d231640,Xaviera,Alvin,Basil
3a8ca16f-08f4-4c5d-b5ea-731a472311e5,Emilee,Krysztofowicz,Walker
c797b64d-89d0-4b8d-a784-ff17762050f8,Kitty,Pemble,Val
573b45dc-f8fb-47a7-9fdf-5d23811276d1,Eva,Brikner,Durand
047b0abd-1af9-4063-9ca4-7f5fbf8ee242,Bobbie,Rykert,Gabriell
8a9cdb9c-fdb3-4ba3-b6c1-709f26414d4e,Ulrikaumeko,Muncer,Sybyl
45122b3c-354f-46a8-ac2a-46a283d848a7,Deeanne,McCaster,Cecilio
860acc54-3fbb-4b6a-b722-0c89b2d837cc,Siana,Waterhouse,Emmalynne
c978ffd7-7693-47ee-9209-421ba88cc60d,Cecilia,Matelaitis,Nil
eff5f1cb-c1e1-4a98-ab9e-283513d84a2e,Percy,Southcomb,Rae
1984dbb7-5d2c-4e92-b23d-a5b1a9c073df,Rhody,Mallebone,Flory
9291f7bc-f21d-42c0-8f2a-1afc6d03397a,Jobey,Lorente,Saul
ba1bf195-33df-47bc-a9cb-d06451145c1a,Bren,Peotz,Alex
13f9693a-693a-4f0f-9f22-56be513269de,Renata,Simkiss,Emmeline
f3da7f3e-16aa-46ea-b526-81d3b81ad98a,Danita,Boddis,Genevieve
897d37dc-1d22-4cf7-b22f-8c2cbf03e1e0,Olly,Ferguson,Kaycee
71c97c29-1bed-4f22-aa03-a53862d6c9a8,Leslie,Passe,Shurwood
3944c687-5ca6-4246-9275-aa51cdee0b2c,Shauna,Rewcassell,Evelyn
cfe21649-ae11-4f32-8bb1-a9c5a3cd184e,Odey,McCumskay,Emmaline
724f6df3-6d4a-4dc3-ac43-447a8a758614,Deloria,Cancellieri,Colene
a13abf48-a09c-4d7e-b9ef-f049a1522b95,Orlando,Summerly,Kristoffer
7d446b9e-bec6-4df2-9690-92b5d37f1f09,Brade,Riseborough,Kaila
e931bcf7-f392-4d06-bf22-21bbe0fbc2e9,Renaldo,Coope,Bernice
b8c21392-ee01-41a2-bc29-07cd4d27bd95,Ellie,Grealy,Dora
8c8682a4-0945-428c-be35-f34bb2b85efc,Francklin,Haliburton,Lishe
1f06db6e-b03e-4621-924b-709419e7ff38,Joey,Clemens,Dollie
56c25446-b69f-4e0b-8c19-5cf1f5b8416f,Georgetta,Vickors,Brit
8fe5e067-4cfe-4df1-b3b8-970a427887b5,Kimmy,Inglesfield,Berna
c2f26fee-2e0f-422c-ae24-c32a1a15fa3a,Clifford,Bickley,Tedie
7f0752df-d5bd-4321-b2cc-f585befe32c9,Ernest,Heineken,Jenilee
506564c3-3f74-4af8-93a9-e9a99f74ac61,Fanya,Olyfat,Beaufort
a5c185c8-076c-4feb-8e91-f5e33f8fe800,Ingram,Earie,Heinrick
20bc20ff-f92c-4fab-9e0a-055f7a7a1f29,Salvador,Craighall,Dell
d1bd75dd-60a8-4cd8-b740-f2d90bd07fe4,Stephi,Houseman,Ainslie
9c3a2b4c-f224-48e5-9bbc-045c1892893d,Godwin,Felgate,Nat
109aec23-388f-48f2-a225-cfb1ca3820de,Carrissa,Flecknell,Katrina
5e763bf6-5568-4147-8c00-ccafdbedbbef,Quinta,Horche,Alane
241c6e60-bce6-4df9-9eae-c5e181f2d706,Nicolis,Tutill,Annadiane
4ce70422-8afc-41ee-921a-90f669f59ee0,Vinita,Rawle,Sofia
9d562c41-9be0-4d21-a4e3-e80b98af55f1,Silvano,Quigley,Marillin
6f23a0cf-789f-448a-a0a8-ea09a67f8728,Arden,Floodgate,Marris
7d2c5836-4769-44b4-b03d-3c192de7a9aa,Bendite,Cursons,Adele
f4653725-0c10-4948-beb8-14dbd0bbb098,Abrahan,Hayes,Waly
758cc178-a9ae-4c67-af1f-ee0026ee4309,Laurice,Tow,Alikee
2185f356-d62d-4fa1-9914-ab3cbd19f70d,Inesita,Swadlin,Stesha
e66bfc13-3090-44fc-9c86-b48d7d4b3ada,Aridatha,Payn,Hamish
3523d547-59e8-4549-9ab7-bf3bc849ef18,Odo,Humbell,Karola
3dc59e91-fd3d-4dca-aeb0-8241c545f0a3,Lidia,Vowles,Timothy
2aac423b-f604-4386-8056-0646640ca079,Sandra,Stanistrete,Petronella
027f87d4-93e1-4214-886f-525e180d15e6,Ganny,Hindes,Zed
22b80e77-a2b7-4cd0-83fa-f012a8761559,Lisle,McLanachan,Uriel
6a802a17-98f8-4006-a114-fc73e08357c4,Diane,Paulet,Lynnett
53ff8c3c-7de9-472a-8b56-d43921c237e7,Denver,Goundrill,Reagan
0cbf0f15-128d-4e74-bd86-026b635da740,Domini,Snailham,Barret
a10ec2ed-c8d7-4db8-bb79-1e7d01b956b9,Reginald,Domoney,Lizzy
b27e5275-5f21-42b2-a1ab-429081c13d92,Cody,Scoyne,Bryn
41e8a268-2db1-4b85-8bd5-3da5686b3d10,Clementine,Ghest,Helyn
d335ada4-9749-4e23-a002-46df7b96f8ba,Jeramey,Montes,Lizzie
52567251-fcab-4609-93d0-4cae2765cf2a,Sandy,Cavaney,Joete
30c74b4e-48ea-4671-b62a-8ed11fbf5d19,Jessalin,O'Dyvoie,Frederica
315ceda8-94bd-4cab-a51f-c197f5d565cc,Derron,Ashworth,Katlin
237c92e4-b26c-4cc7-a627-1f9e416de985,Cristobal,Bonin,Kala
86bb0977-28d7-42c8-9cce-0adcf9184052,Cortney,Frowde,Yorgo
1e041050-eb4a-4318-afa6-44005a9fa0f4,Gnni,Simmons,Gabie
11df54a8-c018-44af-aed4-2cdb233edbf8,Mommy,Tribell,Riobard
f2f8d5f7-c9f3-4b37-9053-d8d77227149d,Rodrick,Rawkesby,Adele
7bf04b39-4162-451c-9511-740070e93b07,Christi,Antony,Maxwell
8cd23b0d-bc93-479d-85d8-b284ef656c24,Renelle,Flaxon,Ansel
7cfa95ef-626a-43bc-9a5b-900a91c2ec57,Rana,Vant,Morley
cb24e437-28d5-4bf4-b692-43514ef53105,Kenny,Ricioppo,Noreen
76c5cc33-40e5-489b-92c6-83afd5abc6c1,Guglielma,De Coursey,Evvie
53779599-5f4b-4677-935a-28cc19800d30,Adaline,Squires,Byrom
b14d264a-5593-40d7-be48-ecf6bbbaed38,Derek,Glazer,Ricardo
b1623029-3ea0-4d65-9a7b-296af0c7ceb3,Xylia,Kuhle,Jecho
b6f659a4-9657-4f31-a832-524ab795c35d,Hewe,Wreiford,Conroy
e62cefb9-811d-4fbe-8f7e-91ef9e435f15,Harwilll,Reeken,Derwin
b04ca709-7230-4224-af9e-46d15958464c,Cheri,Hourston,Berti
69cd44be-e0ef-4431-a121-64ae50b4bb16,Sella,Messer,Cynthea
0eea8461-347d-4903-a05e-c2d1658fa9c1,Davina,Preshaw,Jeniffer
8ac5e48d-dc97-4e29-8cd5-c446bd1eaaa9,Lucinda,Beyer,Trevor
18ded869-7d99-486d-ba71-917cd1d2b2d0,Curr,Shoulder,Starlin
ac0c58d4-adbb-4353-92ca-412f948e0bb8,Brady,Scoon,Goddart
b19fd7e5-aaa2-4e06-a6cf-a41baee6af34,Gusti,Davids,Kaitlynn
e2db98ee-b18e-4da3-87b0-72afe1e71eb7,Georgia,Fadden,Ardine
c5972747-3844-49b0-9cf0-86d088e0dc58,Elysia,Tasker,Kary
fa9fd42f-4f7c-4a82-88dc-f9e4ea431969,Daffy,Pavese,Dean
577e8718-4856-4f8b-a22d-cb0599781780,Tristam,Robbins,Vicki
6ac3b1d7-8e14-4944-b214-178d0a3385ed,Bronny,Eggleton,Vanda
1a183dd0-e0c5-4a89-a257-6580330c68a6,Chloette,Bogies,Nannette
06e40d46-1da3-4f79-ad6c-c00d4b8b6090,Nobe,Somers,Sandor
0bdb0ed9-c031-4c32-9957-f096422ab059,Glenna,Gurnell,Lizabeth
9c0a767a-39e7-425a-8fa1-3462c32cdfc2,Kip,Sheehy,Crissy
f4546729-99e7-45c9-9053-998f7306e935,Elnora,Redwing,Jennee
f4483247-5c79-46d1-868d-c86eb7f49c95,Roderick,Mucklestone,Karl
5474c41a-480f-4153-a401-39124dba6b30,Somerset,Bowcock,Deidre
5cac1976-30f8-49fe-9bdb-3a8deec25020,Chet,Varfalameev,Jedd
54871ab0-4b87-47fa-a91e-3abebaaf86eb,Sherwin,Geake,Kalindi
541cebed-6fa8-4918-bf28-0c5a41b85cd3,Freeland,Couche,Staford
203a62bf-ddca-4b74-b065-5d21cdd95ea4,Isa,Naptin,Ronnie
896cdb4d-f548-4e31-9775-b4db324e749c,Humphrey,Feltoe,Winthrop
03b42d81-eb89-4256-8aa5-29af990c589d,Beryle,Trethowan,Sherye
76620ff8-93b2-4179-b1e3-03943fb7f80d,Marlena,Elldred,Nomi
bbc8a492-99de-468e-9825-7fb1c90692c3,Judon,Matushenko,Marsh
56a347ab-495b-45fa-9b51-21e46e313336,Vanna,Lucy,Phillip
3b4c2987-5e3d-4363-8658-5bb03a3584b3,Alis,Klawi,Sterling
31c8b61a-8494-46cc-87e6-6162986b0fb4,Lazaro,Eefting,Sydney
329b3972-58cc-4ec5-a650-30f301672602,Reamonn,McHardy,Erinna
0b89495f-f394-4717-8aaf-72314464f420,Fey,O'Sesnane,Michaelina
503410bf-44cd-40f9-86ef-04bf9fa7503f,Berti,Hornbuckle,Kinny
1d5ba915-aeed-40f6-b5ec-efd63994c0c3,Lotti,Pigne,Martica
fac4529a-ee6a-47e9-b479-d4a7b681feb8,Mandel,Gino,Patrice
7d2c956f-cc88-4cc2-9a7c-a727fc079db2,Reeta,Ruskin,Zackariah
3f8b7255-8dc1-4c06-b0bf-dff05209713e,Correy,Harme,Ignaz
2e441de6-3583-4b6e-8582-b724eb3b5c94,Bancroft,Hollidge,Rubi
d2998acd-bae8-484f-b4d4-c59f8bf8dc30,Regen,Boase,Andonis
4f30e830-6223-40d2-aa60-8120c9468c25,Sonnnie,Dunbobbin,Dalton
0ccc85d3-09f7-4708-bddb-100f5d737a20,Melba,Stendall,Thaddus
ecafc878-353b-4ac4-8871-29da4a767460,Pernell,Jeromson,Kissee
835bba14-e051-48fc-95bb-6c6f9810ca07,Emlen,Faloon,Ariella
e65893c2-00e3-4a8b-8e04-df4427598ff9,Glendon,Swanne,Romeo
9b7d043c-098e-4a60-9e12-70000174d375,Blinnie,Dulling,Shane
66814bd9-0cd4-49eb-b3a5-f7604e589498,Stephan,Arndtsen,Nerti
04b4c58f-ec94-46d1-8ed2-20c88a6fcb06,Wynny,Ragdale,Rana
c1c7f982-c6f9-4d69-ad10-3c9ca06fc4a2,Warner,Comberbach,Leanna
10d8d2b0-7bd8-4444-aa7d-337cb045b18a,Jaimie,Vanelli,Adolpho
e8415daa-233a-4618-a4bb-0df2b9e2387d,Tabatha,Jarvie,Tillie
b4e7b242-880c-4613-9e34-0bef675e6ddb,Vanny,Danher,Barbra
252b3ad4-fa8c-45e8-ad19-4dee5d168f5c,Loren,Easen,Talbot
8f5b3213-c6e4-420d-8928-4530fd56aa3b,Papagena,Hovey,Jeffy
c940dc6b-bc66-4e23-90e5-a6a57f7dbd8a,Nerti,Rathe,Dene
ba53fc28-8e9a-47e8-a4fa-71a9717f1036,Case,Redolfi,Langston
597541f1-3b8c-47fe-ad55-f5404e113048,Dionne,Dumbrill,Irwin
0e67a3ca-fc2e-4776-ad4d-fedf72831043,Sterne,Tingly,Gilbertina
9c79634f-cd8e-453b-a1ff-54b12c5e6459,Zuzana,Trevallion,Celinka
32f60a74-df8b-4a11-9b3c-a65afc7dc07b,Dona,Pedlar,Simona
32c02c48-b5a4-4960-8ba1-cbe231914715,Moina,MacKall,Veronica
cbe5ad5b-2a6c-42a6-b391-ab06b9d544c6,Trumaine,Brade,Tracee
bf26aa36-e6cf-4d1c-bb06-b9439c35f7ae,Abbi,Benediktsson,Emanuele
2117aa0a-6706-4f4b-832a-07246c7bdc8f,Tuesday,Ostler,Darwin
1a1114e0-4da4-40ec-87c0-981fa5828072,Lucien,Ollarenshaw,Dave
2e7e6ced-309b-4e71-b01e-6ee4b920b930,Saunders,Toombs,Corenda
b7bee1a4-c568-4ecd-8129-d254fa859456,Ezri,McConaghy,Eve
21d19d1e-2ff2-4af5-a6b4-5484a958d790,Darsey,Wynes,Yovonnda
6b66d538-7713-41dd-b642-d57db6e99ae2,Maridel,Cluatt,Meredith
2d0a8a40-e9f3-423d-8ea8-951d4af0a2a2,Verile,Peres,Germaine
61918bd6-2f00-4a44-9271-35d9e6b8db64,Darya,Durdy,Penny
d8070129-9c38-4feb-b1a2-0a1f9fd92c6d,Alexine,Gauler,Catina
b915c79b-2338-4c52-90b5-f28018a46185,Rozelle,Watkiss,Patsy
7c98d6f5-3149-44c2-b05a-8140382beb2d,Agnes,Arrowsmith,Dorey
5ff93bd7-acd8-459a-8cb2-99e3c9809fa4,Desiree,Thorlby,Yoshi
346b8bea-2689-49f0-8099-eff3b2106801,Natale,Atmore,Afton
1732d201-ee7f-49e9-88fa-3d0286a36258,Brittaney,Haggis,Philis
2ee7be88-89d2-4b89-a2ca-aaa84e6af5b4,Osgood,Jouannin,Josselyn
a3e21fa4-3fa4-4c7d-87c7-5d11faeda0cf,Robinet,Lafflin,Ivy
70d4319c-59d6-49da-8a77-6caca7362666,Blondell,Ellingworth,Shawn
79a16847-62c7-4a9a-bc04-7f0df7c1523b,Liam,Lewsley,Carole
cd2e7345-b8fd-4aaa-b232-c5d136c5c391,Saunderson,Klee,Leslie
48038f77-775a-48c7-af05-0f681da16a6f,Stephen,Mordey,Amalea
2cdc2b24-9331-498c-95d7-b1ccac2c94d1,Elisabeth,Dzeniskevich,Keir
5d12a7a7-bb48-48ff-9698-63564cb5c1c7,Othello,Russo,Mab
ee05fa7f-1b81-412f-afdb-0f9a95b3a6da,Edie,Malenfant,Christiana
65a45fc9-f443-4543-967a-f308e059c036,Tuckie,Giraudel,Marcellina
9df8478f-2c43-4869-80ba-1db7a4aff3e4,Cora,Swaffer,Sile
317714f8-6a8f-4e7d-8c74-b84c4e4dbac3,Enriqueta,Fosberry,Ashbey
7a1bae41-43eb-48b8-b767-d767f60d8a95,Wolfgang,Shoosmith,Grove
9898025a-197f-47fb-bd5d-f1a348c6f494,Micaela,Clemenza,Nertie
06f3a2c3-f1be-4bc0-ac9c-7e7bb19afdc0,Kattie,Beaument,Shara
888af7c5-6d61-48b8-9115-8351d9b8595f,Audy,Lyenyng,Alysa
c5052a17-2965-42fe-95e1-40b05e445baf,Katina,Marty,Aggi
f8dea275-5236-4eab-8a78-80c9cdf4264b,Erika,Scotchford,Loren
033eadec-d1bf-4275-bbec-b4199a4ccb5a,Brantley,Laughton,Claiborne
e2f728e9-b46b-47a0-a8bd-0e06cb851c43,Field,Lomath,Helena
bc2b8694-2d46-42b9-abe3-e37ae43bdc9b,Cairistiona,Fullilove,Brigg
7d7d7bb9-8b10-43b9-845b-2d246a49eeba,Judi,Surman,Bea
1a4b9bb2-9500-4fba-b10d-37b9e8013f8c,Ondrea,Lount,Iorgos
e1b3d1a5-273e-4757-9a49-5bcb65ae7288,Giacopo,Lewtey,Linc
26f3b15b-5a7b-4ed9-858e-5211af37e867,Sharline,Gibson,Sterne
8b3cb335-7e05-4cac-b5ca-497a54f609d9,Bambie,Egell,Lionello
4ceb2517-edec-49d2-bed9-64115db40aae,Albie,Henriquet,Arthur
b77397ac-f9c5-4435-bdb9-d4757fa9ad26,Althea,Grinsted,Olivia
851f23be-e22e-4342-8899-4d1189f3f1e0,Brita,Margerrison,Floris
7e1bc98b-ddd9-433d-b30b-8ab561881a0b,Feodor,Ugoni,Angelita
0a242cf4-7bdc-4397-9c6b-263c73765998,Erin,Calder,Brynna
44db9774-071b-4902-acbf-4ad1a21164bb,Friedrich,Stigell,Beverie
697592ee-83fa-4931-854f-5cfbb7a10c3c,Corene,Folker,Chadd
4167d93b-4330-428f-9cf8-a00b70231478,Leif,Berzen,Winnifred
f86c8c07-9db7-40d0-9645-3658a6e780fa,Aleen,Hadingham,Constantina
936516f6-a9c6-4694-be01-25f86ce3388e,Marlowe,Bradock,Martica
d19d5aae-93ad-46f3-b899-37edda0bd6da,Xever,Woolhouse,Herman
29c9aefd-7e80-411b-a5d7-2c8191592c67,Jacklin,Tampling,Bondon
38c716a8-d99a-41ef-a0cb-ac574eff79be,Javier,Goolden,Meredeth
97c725ce-2fbd-4403-9139-a6408cac85cd,Hasheem,Cirlos,Shirlene
1e73b865-9a05-4dc2-942e-6c12d3b95729,Winny,Scotchbrook,Candis
f4d22caa-c18a-4e3c-8fe5-ead6bf3c7824,Igor,Pratty,Addy
5bd25ad3-af7b-4973-a846-b8bcf58bdf61,Auroora,Gogan,Pattie
b4fe08d9-26a5-4de9-90e4-711e5633df1c,Roz,Reignolds,Ulla
7638ee3c-708e-46da-a214-9c5a1fcc9a27,Roselia,O'Dea,Heindrick
6a2c9f9c-73f7-46da-93c9-66bf7fd1bbdd,Nikolos,Haburne,Cecilio
9a6d9f3d-e9e3-450e-ab51-843e1a2f32c5,Una,Spellacy,Regen
f6ab8c9b-e1dc-4e28-84e8-b0a970296a7a,Kalindi,Kyle,Lotte
2559da18-15c9-4ff7-970e-2626ecfb0b33,Bunny,Farans,Odille
0cdce6fc-5a04-45fa-8c27-442712b701f1,Sherline,Eastes,Garland
c6613c3d-aa47-496d-9ed2-0e30d00ed0c4,Ari,Brodie,Pansy
37f97a14-95ec-4cb8-8343-dbc71c1714b6,Hymie,Catonnet,Maureen
2e95c8c8-26c9-42b4-8345-f5da07261f5a,Nolan,O' Mara,Judd
5b62f97b-91fd-4aac-aabf-edd196e155cb,Katya,Milborn,Giorgi
01150c63-2a4d-46b1-bdb5-4637c2fe3e32,Haily,Gimbrett,Tedra
1e96f4a9-a923-415c-8f49-e4dfc2125f86,Waneta,McCray,Malissia
1457b551-4a42-4070-98c3-50e3650356c7,Lynnea,Billam,Anatola
b62c12d6-d057-4fb6-99f6-21d8a4520f7f,Dominick,Houseley,Cecilia
299c2e8f-fc17-482c-b09b-d2d147e05adf,Lenette,Parell,Caren
8b4b3a15-5d0d-453a-8dfe-be8c4259cf9f,Colas,McDonnell,Ethel
0266420f-68d9-423d-b363-ba061b327056,Conroy,Donneely,Meghann
2117ddd9-39a3-44ac-ab15-6e7c0e8adc27,Krissie,Hammer,Marcella
2393dfca-a2e8-4a4f-9b28-7424d2fcb90d,Edita,Ninnotti,Gabriela
56e2e2f6-50c3-4457-a08c-7d2703de0061,Lotti,Dinkin,Aleen
42f834a1-6214-4067-817b-3537415d02ea,Cissiee,Densun,Elvina
4764a1aa-0c26-4aba-851c-a911ed7e288b,Elise,Popworth,Leonid
eaa2e1b7-6276-4317-9171-ec71bcc1af6a,Andee,Pimlett,Dannie
4dbe34c3-e4ac-470c-b442-579c5ce4e91a,Bunny,Shelmardine,Ettore
02e320ab-e6a6-42b9-8ccb-bc30f7093871,Franni,Stanbra,Arturo
567869f7-9ea2-4ce9-8126-7614b38d6f54,Tomi,Probert,Randie
3358e037-6a58-4b23-b87b-622fb98d698c,Lilly,Merriott,Durant
945dd17c-bc09-4073-8f3f-7ab4dd888c20,Fern,Schukraft,King
8bda2c03-51bc-4d67-91dc-609eabe38d2d,Haley,Fakes,Zebulen
f49b51ec-d444-4bbd-bb24-2d4bf8981663,Robinetta,McFetrich,Waylan
6f2e7725-5663-45c0-9e94-3f222d12783a,Mellisent,Vasquez,Hanni
92c8f664-11e5-4c03-9369-f8a9de2218b5,Vinnie,Fice,Freddy
ffff357b-6186-453b-8319-f8383eecab5d,Nonnah,Curwen,Adrian
7bbe4481-ebad-47b4-a4c6-c866ff19d02a,Zeke,Quinane,Rhianna
35ada0a5-665c-439c-a241-7ce3c59bf44c,Janean,Strongman,Huntlee
2bc4b8cf-d5ef-45d5-81af-52730a6ae016,Audrie,Ivankin,Baxie
fc3c6e6b-724b-49db-bcdb-e7c59fce0507,Neysa,Roach,Darryl
97c55b62-f94e-4817-99e9-47e508f31a81,Iosep,Murby,Sapphira
27daae79-6014-4360-8d8e-a5474d528ccc,Judy,Swannick,Tadeas
ca10304c-13f6-4925-9998-38dab972a53b,Jaime,Guillot,Tamqrah
213808c9-d7ce-47dd-99ec-2c103994edda,Montague,Kibbee,Leicester
741c4430-108d-40e9-b0b2-b3e641ca063e,Roderigo,Kondratyuk,Eula
f3efa941-8243-4e33-9181-b22ddf2daee4,Margarethe,Burkman,Jordanna
5e9fc295-9c13-4e81-8868-706b193b6f9f,Ring,de Nore,Julienne
4c215276-f82f-40ac-b80b-afb99021c593,Alva,Kinson,Clo
c5ec3557-bccc-48b1-9918-96833a777eae,Kiah,Ottery,Judye
c8a1acc7-cc18-445e-a2a4-088b75263def,Ranique,Rottery,Kane
12d03b41-9ade-4259-acb2-ffc2f03b316e,Paquito,Shovlar,Magdalen
a0cb75e9-f602-46e9-abeb-006613e96b4d,Dorry,Reis,Yancey
a2ca46a0-71c7-4fd7-a59b-adcd624eed36,Geno,McMenamin,Lothaire
f8096627-ae00-4363-bd40-4d01797d6575,Thibaut,Gymlett,Lurleen
672eba14-fc90-478a-84e9-d2bf8388726f,Mirabella,Pittendreigh,Sibyl
200a77ae-28e6-403f-b941-2fb04a7402c6,Eliot,Dallywater,Henrik
0165f3cf-68e0-43ee-973f-5d6a53d7edf2,Gabby,Stutely,Kimble
d5fa23a1-fd12-4462-8e5e-ce6509dd70c2,Wye,MacKintosh,Marwin
432c0d45-bd26-429c-b883-b4e19ccb838f,Bryce,Veque,Grady
c17897fc-ea69-4ebb-be8f-adc6ce6c3f5e,Welch,Coopland,Luelle
37e68b7c-042c-4108-a30d-4d506ad5a7ff,Ermina,Szymczyk,Cullen
15570140-6163-409a-8a2b-481c695ef42b,Ella,Codi,Base
0bdad83e-7760-4e43-a822-5946a5cdf3aa,Amble,Pothecary,Zachary
48c69fd2-b1d4-4c09-8380-a32b648f0cf8,Allie,McKeaney,Therese
4185dd0e-db08-4029-82e5-546f54ba8b2a,Elsie,Youll,Marcelline
376d6aab-ff67-422d-8c0e-8604aa168323,Iolanthe,Schurcke,Kelley
4a6cff36-e1b5-42f9-8c23-2293d8b2c0cd,Dorella,Dallaway,Morganica
17a95566-c0fb-4e81-8aa8-82d9b0287c4e,Yvor,Soal,Maddie
0a5a429c-19e5-429d-a82f-260949d7883b,Thatch,Kilfedder,Saree
bfd54998-a884-4569-a759-2997e2521df2,Dody,Sprake,Kerri
a587fc9a-9316-4f40-b6d9-c11f7eb53ae6,Shurlock,Jennions,Katine
1adaa77b-426f-466c-a127-60bd6a6d1c5f,Olga,Bootes,Babara
6e370da2-743a-4eda-8cd5-1e533c484f28,Carver,Conry,Thornton
66693d09-8407-4888-86a2-761edb72ef0c,Dix,Kaaskooper,Grady
dcd9c948-4dfa-47f1-b55e-e74ad811976d,Darby,Garmon,Verina
22bcffeb-8d92-4e1c-b4b8-f044ca624451,Gottfried,Keave,Caroline
810ad9b4-3919-4fa6-8272-f3803f69ff92,Anton,D'Alessio,Jenine
8b7ef94e-2faf-44bd-9622-df5726c7fa4d,Fred,Burbank,Nestor
be4f24ca-546f-464b-9743-5d56c2430471,Rowena,Hansom,Honoria
57a6433d-761e-4531-8af2-839d8175b39d,Prentice,Gurnett,Luis
5074b621-fbdf-4d6f-81f3-314f8858d7e3,Blinni,Pointer,Brandea
7d926d8a-06c3-4bb5-89a3-e4c2081e969f,Drusilla,Bullent,Stevy
472afa60-5d55-4c57-ba00-4c1b19275e8d,Jaquelyn,Arlidge,Celia
71815de2-5d0f-472f-9491-04fa4eaae6ed,Hillie,Hildrew,Dorie
d4a899ca-8cab-4190-9fe0-1406b4747c18,Coleen,Funnell,Lin
443f8a5d-6f80-4b32-bc38-23c2e4736ef8,Babita,Cancott,Phyllida
1e6d8ca1-bd3b-41c3-a97c-e10a7dddd6e1,Queenie,Winchcombe,Samuel
714bcffc-8a9a-43e9-8815-75508cb43b13,Garek,Cudde,Rooney
5afd0a9e-a7b0-4850-95e4-e6f12d0ace8e,Auroora,Seakes,Dory
841d100e-29f8-4d90-9b11-1ad28d797cf6,Sapphira,Blankhorn,Quinlan
c940add2-ce6d-4f3b-a782-fff907614fc7,Dee,Kulvear,Rori
3ffee9db-80cd-461e-99d1-904d395d2734,Robinson,Laxon,Ursuline
c7701df0-3398-4585-9ff7-af437f12d854,Sawyer,Redholes,Michele
73261af8-8113-45f0-bfb6-1a52da2df6a1,Erasmus,De Hoogh,Moina
c821fe9b-5243-4e82-8e32-f9d1e518b7f9,Viola,Keasy,Virgina
19a72505-31c5-49e5-a977-5ea1ea012033,Maud,Ayce,Ephrem
ff05eec9-f085-43bd-bfbe-f0a3187b3d3b,Brigitte,Boarleyson,Flo
6a1f5630-1aaf-4701-b8a6-7f6818380f8b,Octavius,Peer,Neda
fa522088-91eb-4cc4-9298-95a1eb54a38b,Tad,Simmgen,Serena
37f6610c-aa9f-4d8e-8e38-48a9ea5c8dc2,Moshe,Hillburn,Kalinda
60cdd96a-db25-42da-b077-8e5218e1e728,Briant,Shrive,Con
064860bf-9a8b-4fd4-9f1a-f70be5b39667,Cyril,Antosch,Lynnell
a8a58038-1070-4426-9765-8fe084e9743f,Juline,Hasson,Petey
1630cc8c-c820-47df-a67e-d6d14560b2be,Sibyl,Simmens,Kennedy
e5284a6a-23d8-405a-b6f6-0ea496088b2f,Bethany,Studders,Janette
fddf763a-dbe6-4125-9efb-6f8152748c1c,Willdon,Martignon,Ashlen
4a6f9d9b-c9fd-4ee6-a343-963bff9753c6,Regen,Duckerin,Zach
9e9cec83-82f5-42fc-9d23-1a9d12ceee5a,Marietta,Marion,Davide
968bb19f-b04b-4c3a-85f2-64fa6f0b630d,Helga,Le Cornu,Britni
29975828-19e2-4184-a153-cd3be61a2957,Hamilton,Prazor,Juli
eb3c354c-d6a5-4ab3-8504-2ed9c0023b20,Catlee,Reynoollds,Buddy
9c04bc5a-c860-4389-a73c-d42d25b00656,Kelila,Gonin,Oby
da85b8ed-b3ff-4b70-8c1b-51c5d6232636,Jerrie,Charkham,Gabriel
fdc4e8bd-a3e9-4cda-98b7-116208525481,Carolyne,Gatherell,Dud
b774c1d9-2df5-4a0e-9021-67609b926920,Kissee,Simoes,Myriam
ba5a0a08-8bd0-40ab-be4f-7d69b7407c8b,Charles,McKitterick,Hendrik
7091739c-24ff-413d-843e-b9a4c4400bf5,Dagny,Regorz,Gris
db6deaa9-ccde-47b2-a7de-d252aac4da39,Emmit,Geist,Kayne
cdbd5764-2628-440d-8aae-5e0c2bbb8362,Drucie,Cordery,Maxy
81cb31e7-17c9-4159-ba32-93dad4c3f921,Celesta,Lasseter,Eda
a09d5ad8-87e6-4125-adbc-76f1d437396c,Berthe,Jimes,Robinett
531f55a8-c785-45d2-a3e4-bdad7144e005,Isaac,Lethebridge,Chip
9b908f0e-a5b7-46df-8408-c0cf91a812d6,Sisile,Newlan,Janeczka
a72bfa57-4b20-4bd2-a53e-160d189b176a,Gardener,Schankel,Brenna
2b037b73-f1e3-4def-9bef-8178d5c5ce6f,Geoff,Leith,Xena
1bd38857-848e-4ead-9a3c-6f78fb351a2f,Lynnea,Noury,Pauline
dfe3c786-2323-4b5b-bcc1-168065cb7636,Vickie,Lemerie,Pail
0b95ce1c-c048-47b4-941a-cd514470ca60,Jodi,Cocksedge,Nickolai
a1720bb4-26a3-4b00-bfdf-11cc19088c2a,Jan,Haxell,Cindelyn
74c4e5df-4155-4df5-b10a-6df19504955f,Gwennie,Hancill,Radcliffe
1acafe51-037f-46a1-89aa-80c8471b6a1f,Joleen,Searjeant,Garwin
43c23e07-9041-495e-bb56-1ef7a8f3615e,Bamby,Kennefick,Benoite
c9f9189c-8a92-4470-b6a4-6398469c9092,Tedman,Kitchenman,Nerissa
6534233d-bc90-4481-8da1-6b990304f802,Corie,Mathonnet,Valma
c666b053-eb7a-41ba-ba84-e2d35ec813e1,Ruthanne,Colloby,Dorolisa
e0d882a3-9b96-4b8d-877c-398974d0cca2,Salvidor,Van den Bosch,Karina
343e5588-51c7-4235-9d66-99fae80792e0,Peirce,Howieson,Fianna
64574df8-86f2-42d4-8b06-bee42a609254,Wini,Lancett,Shannah
072abe9d-7007-4f99-80ce-98ce5be1f0e4,Joella,Gammon,Lannie
84a5785b-2466-4c20-b99b-1ee9ed160081,Clarie,Lorimer,Marshal
a55df673-93b4-4e61-843d-255113397176,Lorenzo,Kinmond,Aloysius
d38c411a-30fc-42e2-ae90-7d4d79fbb4c4,Kaine,Rauprich,Alice
9d093550-56ad-4d4d-9c30-1fcf53120a5e,Arni,Bortolini,Mort
e0c3a8a4-9b24-4d5e-a407-b9c6faf33b49,Maisie,Bavester,Wat
19082664-1053-4e68-a020-b8af3d5c3232,Celisse,Noquet,Brande
0d7977df-92c5-438b-a062-3b8d0addf41d,Marjorie,Davall,Shantee
ff79f664-de84-48bc-b891-c012918815cf,Willette,Piens,Rancell
a5bd9992-d822-422d-8565-3d0194965ba8,Melisenda,Kybird,Hillery
c17b2b0b-ea79-4855-bfd1-e35349f3e354,Maxim,Hars,Michelina
6739d847-b6af-4f4c-9083-848c112c78d5,Anatol,Roseman,Lishe
a863964b-4b8b-46f4-93c9-834822493f17,Cully,Sobtka,Iormina
6b36aa64-3b63-4809-986e-0126e7313d80,Wilona,Bulled,Minny
6b989543-2b2f-4098-9ec9-afcd34604598,Markos,Grisbrook,Joletta
04fb1dba-25aa-412d-86d9-2a0a2d2b0b7a,Skye,Gartland,Wendell
cb48dd29-aff3-4d51-9b03-12d21bf5e793,Eugene,Manifould,Seth
b7da6505-1904-4846-9f84-6f11f59dc32e,Tamarah,Slipper,Tamarah
807b017d-eb98-4514-9897-bf71d19eaffb,Adel,Tie,Jo
27ef2f07-f115-4f40-b993-48237074d53d,Amalee,Saggs,Shermie
a42d44ac-5bde-47ae-8e90-2c2315250898,Archie,McCleverty,Artus
ab1720bb-975c-4156-99ae-e25872ae22a3,Hayes,Rubenczyk,Danny
3a348d83-8452-44cb-a78d-31efbe1fffff,Cal,Gouldthorp,Nial
10f08b2a-eec2-4623-ac50-86905ed48b6d,Falito,Ibel,Andi
c25566bf-901e-47ce-a89d-9ddcad0e856e,Thurston,Ewells,Guntar
70248dc7-22c7-424a-8f4c-bb9d73353300,Torre,Gwalter,Dinah
75b95f89-17a9-4aa0-bf14-8340dad5e3de,Morgan,Urlin,Brandtr
0acac686-a8c0-49ae-a0fb-1c24513b5576,Christan,Coopland,Jackie
59d0e9fd-52a0-4062-b0b4-6e5b56609543,Madella,McAuliffe,Ragnar
14638aff-c3a7-47ef-96e1-774dd0e01092,Leanna,Lovart,Joete
3a735c8a-91ea-42c9-82a6-881098706d71,Aggie,Shills,Bambie
1fd02f35-2066-4891-b66b-b8df9db24518,Giselle,Schruyer,Andie
06c177aa-ddbd-4aad-b7b7-63a250450700,Joshua,Belham,Enos
dd740978-5e07-4679-8a5f-680c10ace379,Enrichetta,Frake,Mahalia
30e79009-ff50-4559-bbc3-79d2054ee18c,Gabie,Jeens,Torrence
67000951-df82-4640-b6ae-0dd154c10388,Winnie,Vance,Orson
f1ce39af-4e1f-49c4-8851-52ba763d41ec,Kennith,Chalke,Allin
428dc5a8-839f-4f32-89aa-4934492fc472,Annmarie,Reaveley,Maye
f3b1ef1e-2a43-40ba-a147-4a4052c97a20,Hugo,Berthelmot,Devlen
b9f8e95e-af7b-4244-9e1e-7d896cd0b7ae,Phillida,McRae,Magdalen
ae8d3c6a-c87c-4100-95e5-aa04232c703e,Culver,Romand,Budd
df99fac4-8e0b-41d2-8cc2-42d2f5e7d28c,Randi,Nickolls,Onida
fca8d2be-1acf-4b6f-8cb8-c8b0dc979a9f,Dusty,Hugonnet,Ninon
88fd53e9-a8cc-4dbe-b152-1f3fe4c41e97,Easter,Dagless,Alma
544af39a-d755-4d1e-9af7-b6d08df1a208,Bartolemo,Culross,Osbert
2b624aaa-9aed-4594-9c88-0e4d9e53d4d2,Shalna,Simmig,Sibylla
b884be8d-7f17-4e8b-afd7-9c8cf412b9fc,Mandel,Westmore,Angie
54d77a52-7124-4499-a509-970b21d5903c,Stan,Chitty,Alena
619a58da-c11e-431c-8df9-594153dee8b9,Joceline,Boocock,Nicol
bb44d90f-8e4b-4ebd-a42d-1f4c87c445fe,Robinet,O' Dornan,Dorelle
297026c9-c37e-46e1-8b0a-57161a6ea91d,Melicent,Hallam,Alford
25ed7eae-f03f-4121-b5cc-aaf732aea36c,Tyne,Dawidowitz,Marthe
3e93d2ad-2271-4117-ac72-f0847a238d81,Eldin,Matcham,Elmer
c42cbbaa-fcfb-4695-91a0-c392ccf52c37,Agretha,Cockram,Rosalie
f110b819-aff0-4218-be64-617df7096587,Neils,Sehorsch,Marris
3460b813-ddb4-4a7a-afb4-ea32056d6454,Gusty,Gluyas,Aurelia
e7358f1f-1f0c-48a7-9ccb-dcd68077c8db,Saraann,Rootham,Teodorico
30879941-5ffe-4ba3-8bd8-2ca7d0327f0c,Dianemarie,Rettie,Ignazio
520074ea-565e-4609-9928-767558660cf6,Rey,Klee,John
d8e60b8f-65bb-42ae-a312-a1414c924711,Alvy,Tollet,Addy
cdb87b5c-b07f-412c-a95b-40897502516b,Brent,Jenkins,Sibylle
127a9b94-75b6-4cc1-9a8d-8f5ffa9c104b,Reinold,Janacek,Jefferey
05b19d58-b8d6-48f0-9bda-1723563827b1,Gris,Spirit,Sherrie
44aec807-3c6f-432d-bd54-ba3f07aaf510,Farrand,Swettenham,Deedee
c0331f60-9f0f-49ab-b00c-6f3e3f8d68f9,Kaine,Mason,Reinaldo
6c4f845b-69aa-4761-9f7a-748e42ad597d,Silvester,Leah,Emeline
dde15c91-c9eb-4742-bc3d-3bbb720ddc46,Dollie,Camellini,Dunc
af8f5dee-a21d-402a-93c2-bd27003d9ff9,Rodrique,Weeds,Matthus
20e023e3-590e-4ba7-aafa-32cabfdb3837,Cindy,Mitrovic,Verina
69a150fb-89ed-476b-a28f-97374bc8e9c7,Gizela,Fernely,Eddy
18f7c6b5-f0a8-46b4-a097-4b2d78284982,Basilio,Whybray,Victor
09a5b6e5-f51b-4395-b17a-c1af32c642aa,Cobby,Hallen,Neill
9de28f7f-45ff-422f-b63e-b1d46b232937,Leif,Fairlie,Theodosia
115f4d57-9a36-41ce-a376-0dcf1efcd130,Avrit,Sidry,Valentia
b1df2281-0dc2-41f9-9227-4965c04dc739,Othella,Reidshaw,Julienne
d12597b3-9de7-4bc1-a12f-26c336da3506,Marcus,Burris,Bobbie
14574b47-9ab7-4cf9-902a-8834d3ec7325,Giulia,Garnsworth,Harlin
604a7fea-054e-4f68-b512-b4903c822263,Brod,Fores,Chrystal
273bfe53-d52e-4a77-b230-4fa1df1518b5,Sanderson,Francello,Nonah
9c312cb4-84ce-4f66-b141-0f4347e15449,Elisabet,Wallbrook,Greg
ba8a8b91-f5a0-49d8-b33d-47eb7670793b,Carlita,Hammerberger,Brianna
cb3f8459-0102-4198-ba81-898f4a25164e,Tiff,Grundon,Vin
508e43e8-3caa-465f-a71b-7c736c9490b4,Kelbee,Howgill,Rollins
5b34a403-6a30-43ea-9e40-cf1d04f4f909,Geraldine,Mollindinia,Bartolomeo
e0ccfd7b-22fa-49c9-9816-c225c863b8b8,Symon,Verlinden,Gregg
8c873a28-0fde-41c2-9f65-a30090c0dc66,Felic,Hardingham,Marion
4cf2c83d-98e3-4362-8dc7-85de2d6d4e74,Brynn,Schreiner,Krista
179c0b62-fe7c-450c-8c44-7c3fe83ac09e,Mohandis,Daykin,Gabi
e05a6e43-83c7-4f0d-9f41-98f296d8d41e,Alexander,Orgen,Garv
32e4e2e2-ae43-4365-ba21-53d21c18084e,Lynde,Moloney,Peterus
a7ffdf62-6606-4e33-b660-ea94c8c6ae8b,Von,Rankcom,Delores
34edbdc1-e109-4a36-87d8-93e08fa133a1,Bethena,Challes,Drusy
b1b374fe-9e1b-4eef-95e8-cb67161adc33,Doralynne,McKevany,Gustav
a43ee219-1979-4c01-b8bb-ae581f4f8ece,Myles,Menilove,Charmain
8088c741-b0db-48d2-a5d6-8a5ca9987339,Abbey,Patry,Charmine
d832fba1-4ac4-4759-8165-14269a4782b4,Sonja,Crowcombe,Jeanette
17722143-55fd-47db-8fd0-fa58d4a9911c,Dickie,Mingo,Minette
ecd56f2a-76f1-49e2-9cd2-3fb5920b6fb6,Leda,Coope,Calli
04c16b42-bd77-4e7e-9f35-40bbf7cdd338,Giulia,McAmish,Kaleb
c2a6e029-40b5-4a3b-857c-93d741004680,Reade,Pyrton,Elbert
b8542e7a-6a96-4c2c-b759-bf1e783c26f2,Ange,Doiley,Cozmo
1d65ca15-7941-49fe-86c6-6d38e955920a,Cris,Noe,Jamima
6eb8ceb7-0457-4af8-b134-7534d6d6760f,Joleen,Skeggs,Boone
1fa8a3bb-59fd-4946-90cb-3ed5478d82ed,Bethina,Govey,Willey
beb8b6d6-6798-464c-acd5-a55413a8812a,Karoly,Pilcher,Brittney
5a73492e-d406-4de9-bbf2-84e59f78af6d,Sharyl,Clethro,Nels
3725cf62-62a1-452b-ae8f-9f548aa4b9c5,Laryssa,Cinderey,Franciskus
23478154-5bb0-406a-b082-b2c6a7573b5c,Stephannie,Meier,Monique
5e180b0c-568f-4306-a14f-a7b5e9d1e923,Glenn,Domone,Jessey
d66702ca-7e99-49a2-9f32-c2e09134a185,Letta,Philips,Jakie
56486fb8-6650-446a-9736-6776470a21f6,Josie,Lundbeck,Loella
c4e0f138-5f6a-47cb-be25-fb992e649aa1,Phillipp,Matussov,Rorke
27412fe8-4789-4246-8f5d-446118455b16,Lin,Edgeley,Pattie
26e5f93f-437d-4570-adea-bf113e1f634f,Ludvig,Ernke,Tana
02ca3646-2107-4885-b050-01bf5c8515c2,Nathaniel,Brizland,Ginnie
82e8e8fb-4480-43ef-84a4-103a5ab5c37a,Olly,Taillant,Allix
09411802-5e68-4e39-bdcb-7064e50092dd,Orson,Golston,Fayina
06ef5f30-da86-4c9d-b3fc-7c65ec455c28,Bernete,Plewes,Mallory
a6d15d3c-be16-4a80-a46a-81cb974b6851,Ellerey,Beacon,Moss
30bbdfb3-b7fc-44b1-b589-7c167daa9cee,Conrado,Vallery,Karisa
eb9bc8d7-4432-4f6b-990c-88c6bb92cba5,Sharon,Mosedall,Saudra
d2191fed-933a-4f79-8675-98db7219c048,Cornie,Bussons,Rose
dcf12d1d-8866-4666-9c9b-7246518b5d98,Carmita,Chaudhry,Bron
78c473d6-a712-48ba-a28c-23d318bc4ea1,Pippa,Siemandl,Ramona
46244547-12dc-4d75-be02-1ecc61b10fed,Jesse,Towne,Valerye
52be1843-e728-4171-b33f-6a550f96a130,Roy,Jennings,Shandy
b0fcad9f-00d0-4bb6-96ba-0327dd2f244b,Kaine,Tibald,Tiffany
334b1659-c805-48f6-ab20-f523c0ddd51b,Nat,Forsyde,Kris
acd0c834-99d5-4996-99c8-7ca8628b074f,Ritchie,Eldrett,Ange
f3c3ea7a-9f83-4eae-974c-eea1535b9a3f,Clarance,Robert,Sallee
a61065b6-a61e-41f4-aa2d-ff3d2ab6833a,Sherwin,Leggott,Jerry
b4b52ff7-752f-43d1-b3db-51d00f3033b3,Devondra,Ashbridge,Adamo
f8048d84-d52d-4822-9872-5d4155134a16,Rodd,Laurenceau,Janetta
bcf590bb-75bc-4af8-9b65-b9ff5b363394,Gal,Marrows,Babbette
5e592bbb-194b-4139-90ce-dd67451d54dd,Bern,Jarratt,Nye
d0b1716a-ce95-461e-a3c6-f6fd0559df60,Dino,Hains,Caria
d2134805-feb9-40c1-9854-3570160dc1f6,Katya,Scotsbrook,Elora
a8db6888-0d4d-4eb1-b0bf-a808d9d86083,Jon,Temporal,Maegan
b6afc8f9-e775-4e63-b12e-22c1ddf984d9,Mariska,Wenger,Olly
ffdb16d8-77de-4a4d-bdce-4cafda6d1bc2,Aksel,Hollingdale,Barbi
371487cc-81a0-4096-a766-eaf590ee1977,Donn,Penquet,Catherina
375021b3-05ab-4458-b553-5b15bc5d2ecd,Jerrie,Alleway,Torin
7ca6fc26-9797-465b-8275-dd4ebb752586,Clo,Brittles,Myrah
77a3e29e-d7cf-4178-9587-05f3211e5e72,Selig,Beadles,Alica
2496128b-9565-412d-bc59-70b56279efe9,Georgetta,Goudman,Ruth
6467db99-f6aa-4d60-8893-f79d7dc5cebd,Jorey,Hazeldene,Georgine
2cf496f6-5de0-4728-802b-83bcf788e714,Way,Levi,Brittne
f8cd5c01-6c85-43f4-9372-d05588a211f1,Florida,Edmons,Giana
0821a06a-d60b-406c-ae7b-0369a637e0d6,Biron,Gehrtz,Thorstein
da9dbca7-9001-42fd-b5e2-1f1eea22b8dd,Cherye,Magarrell,Flore
6e149164-f98d-4655-b313-c26def8910ae,Celia,Burdin,Flora
35a5f855-ff68-4336-a11d-01618e9ff593,Sheppard,Grinsdale,Dulci
d28694a9-5bc6-4b59-989c-271c4c90e597,Basile,Storer,Patsy
572b754b-d4f3-4142-9c92-063c9687e06c,Cortie,Scammonden,Noam
578b8b1f-a9cd-4195-8f71-73066eee7786,Myca,Aubery,Eldredge
90987aa5-d389-4321-809d-55283e227bf9,Cassondra,Coleby,Matt
1a4a5bf2-1354-42f5-a6e3-de82bc84d4ba,Kati,Cullinane,Scot
05f4ecc5-14d8-4c36-bbf4-75a1848f606b,Melodie,De Ferraris,Blithe
0fb1c208-e2bd-4c4d-83ef-4dd50dff4035,Roshelle,Veall,Lonnard
70392ecd-e41f-4122-93e4-ad614de21161,Fax,Eouzan,Germayne
b98d3ab3-f16e-4e60-b243-795c1b8ca62b,Roanna,Newbegin,Collie
76c7b445-ad66-4eeb-8afd-2edefe8c2c2b,Auberta,Cogdon,Biron
c680ca8a-436f-4436-a6d2-aed3ffa68714,Kyle,Baptiste,Maible
395c3d79-a7de-4f48-af97-2db5bbc02c10,Auroora,Halleday,Vina
0fe0708a-f5af-4d65-a0c4-8589d040506e,Maren,Skypp,Dominique
067d5dc8-507c-48fa-8043-124d2d97ccbf,Caritta,Colgrave,Derril
e849b76a-e933-448f-beec-2a1ceb821b9f,Bert,Lebel,Dorthy
824f3cbd-b253-4ff2-a135-e187fa890d7e,Dimitri,O'Donoghue,Bill
3c0fd940-f646-461b-bc42-66f95888f6f4,Raine,McNee,Kaleena
c5cc7e71-3925-42dc-bb48-6cfb049d916f,Enoch,Lydster,Karlie
7039f3ea-563c-4479-8aac-c4dfd775b40c,Delcine,Tournie,Rhoda
1fe97aff-15f1-4d0e-89bd-0a911f09a1a1,Ailbert,Seakings,Dewain
922b769c-6d3f-40bc-8efa-bd01a8c2bb61,Elly,Mockes,Janna
badedbfe-788d-4a4c-8b3e-3c3e2e1c2220,Margit,Adacot,Chet
7ff59c1f-8a3a-4f20-ab87-091f636f7e08,Coriss,Ongin,Edvard
daf07f5c-8e3a-425e-b2d9-1facb6f478d3,Esteban,Linck,Guthry
fa14c1b1-73d4-4d33-890a-5c62ecaf0364,Dorie,Kroll,Wilbert
fdf51930-9812-43a6-b268-7111375d9e93,Evelyn,Elden,Marrissa
9c2b1319-f4ad-4220-acd0-6e16cb807cd2,Silvie,Scholar,Nikaniki
3cf77fe2-9099-45fa-8d48-744c873874dd,Waverley,Sinyard,Tobi
157cce29-9cd8-41db-acf7-61e6f101b05d,Karlen,Birkhead,Gwendolin
e765d725-3800-45be-86c9-0e8f913a6d66,Christoper,Duchenne,Aldrich
4b668a0c-1578-4939-a35c-bc3ba77e5444,Blakeley,Baudy,Keelby
83dcd273-4f85-43bb-b0f8-66a91c86e869,Ceciley,Pea,Joellyn
ca2038c8-470e-45ce-a131-66d72c327e73,Benita,Toulamain,Melinda
0076d0cc-e760-425a-a216-ab4e4ef5b56a,Angelina,Broadbear,Anders
0c8e8052-0bd5-47c7-a627-8efe8bae7ee7,Emmie,Lisciandri,Elisha
056e327d-f09d-42e7-9dfd-44f39a5b7a61,Marcelo,MacTrustie,Kelila
2a9c4678-f02b-4ad0-b369-20a41a87d8c1,Angel,Burditt,Darrel
928db7bb-0082-43da-a4c9-14d6ac6c0d0d,Celine,BoHlingolsen,Carola
3c0ed930-f974-4db6-b03a-c0f8e7965fa3,Steve,Nutley,Elora
2bd09f11-e397-4db2-b002-6844e534102f,Suzann,McIlvaney,Allix
f0ca9904-b332-41c1-9ae4-3591d617138c,Herbert,Subhan,Nikki
34fdab79-ed0a-4cd3-90e4-bfffbab11a02,Link,Joncic,Basil
42b3cc97-1ee9-452c-9e54-04bfd883f2c5,Georg,Gietz,Lawry
4eff0c8a-f50c-4400-aaa1-cb0837ca9616,Madison,Appleby,Dasha
2cb3ec9d-308d-4245-bece-c510874e1098,Caterina,Massot,Shep
f6fcd8e8-bc6a-4d75-b574-050a4d93e7a6,Enrico,Cowans,Jilleen
3fe40ad0-b721-4837-a4c7-127ee881bbc7,Davida,Tomet,Charlotte
04a5572c-a0ff-481b-9a50-bf0129d9569e,Ronni,Durdle,Felecia
716c166e-a369-4431-9d17-6d3986b3fe06,Patten,Dyott,Pansy
26714c35-8a6c-423b-8902-bb103d16894f,Estel,Heam,Shawn
93481995-95bd-46ca-9531-b15f13f607da,Willa,Westpfel,Kelly
89e9eda1-4469-4c32-a9b8-22631c00c6b5,Gian,Dow,Clare
23804f0f-c580-4c54-88b8-e80b282e22b8,Ring,Hansen,Giffard
b876c3f8-081e-46bc-91dc-284f526a8095,Lucine,Dishmon,Lizbeth
afedc03f-9894-4671-9f5b-4a311bb631c6,Yasmeen,Barca,Raffaello
3eff385a-e708-4741-becd-a90fd83fce12,Fionnula,Tibbles,Bibi
7cfa4b7d-90d2-4232-bd60-ef4e6c78012c,Alix,Ganforthe,Stanislas
491820d2-464e-4117-9b8f-9978a734372c,Seamus,Caple,Molly
213fa9cd-ee8e-4e28-bc3b-70ef270d62ba,Jessamine,Guillem,Leodora
ea573701-cd25-41c8-b726-b61fcce4a2b7,Fiorenze,Sweatland,Conny
5ce2b875-a842-4f50-8b85-a9f3d95e5b8d,Sindee,Sictornes,Chalmers
f8243d27-f88d-49e5-803c-466c272898f8,Alonzo,Spencers,Elmer
43dd5389-f9d9-4381-b4dc-fc6c154006da,Conrad,Gronaver,Lindi
9fb9c3ef-abc5-403f-93f7-acd8100ddf6c,Dylan,Harral,Locke
6d4eb251-a656-4dac-8c06-24f853d7b4e5,Dina,Ruddy,Justen
c8b3491a-50bc-4698-93bb-38020531f83f,Laurice,Ramsbottom,Yorgo
c1f25ed1-2fa0-4315-8412-fd897cbed321,Gert,Swindall,Haywood
fddcc3f1-31e9-4196-b6b6-8320ed06aa6f,Elspeth,Deekes,Kennett
943e1611-18a9-485b-81d7-e051f10f1f73,Perice,Landell,Guenna
0d805ebd-f9f1-4dba-8984-01838b6dea84,Gabriell,Cutchie,Leodora
5c790112-3cd9-4846-8140-25cb71a6fa8d,Issy,Mattiello,Fran
7971638f-8525-4ed2-b623-58f0636a4879,Hal,Glanfield,Fabien
c316d6de-79f7-4bad-9f35-cdf1d2c69b94,Tildie,Grayshon,Dimitry
de207bd2-9c24-45ca-9ff9-c267eae8c80c,Cindi,Thornewell,Christine
4d91db7e-d210-4377-88d2-e280357a5189,Alexio,Mauchlen,Augustin
e1b591bc-8734-4ed3-848d-f8381afd9ffc,Bronny,Hrinchishin,Garey
0d7a89d4-567d-446f-ac29-6eeb5884eec1,Dun,Thursfield,Pippa
359cc1ea-d11e-454d-bba9-c25eaee2fbd1,Armando,Danson,Faye
dfd875d9-6db9-49d2-a1bc-55ce8a7a7b0c,Minnaminnie,Marxsen,Lexy
12980082-390a-4262-9d22-52c2f08f47ad,Burnard,Castell,Emily
b6a8490f-859a-42d4-965f-22e5dd5e75d1,Ianthe,Pimer,Byron
8da24669-05a5-40ba-8461-f48a20ee5bb9,Jaquenetta,Killford,Marcelia
fd19388d-477f-4156-8811-e850891b8a26,Con,Beecraft,Chad
1c90bef5-99de-4349-92ab-9e68ada8ecd6,Maurizio,Carrel,Georgianne
d7783913-2c03-4ca4-a276-92f75b3d2662,Hakeem,Coultard,Joshua
34145e89-666c-40dd-be5c-9195ff4a8483,Regen,Wombwell,Carter
2f7ec188-2db7-4168-9f71-641dd5436b9b,Scarlett,Drysdell,Ephrem
48eafa64-1792-4af7-ab19-a700e786d43d,Jillane,Ponceford,Krispin
07575d7f-5056-430f-8c49-5d643bce9b0a,Gradeigh,Halfacree,Ingamar
3772277d-a5a2-4d13-a755-231dc21ddb09,Llywellyn,Grinishin,Etta
3abc665f-1294-4204-b36e-10c56e4c1143,Leo,MacDwyer,Garrek
943966aa-06c1-4d79-a69d-dc0fdd6e578b,Alaine,Beaconsall,Gisele
c51a2e4b-d50d-43b1-a90b-2dc3dadda2a7,Shaun,Brambell,Say
a87ee6cd-d4d9-4310-99e9-3eb0d775b6b0,Stephani,Preddy,Katey
c0be8d26-8bd5-44f0-ac33-a0b4e4937994,Dar,Rosbotham,Robers
45f22488-d5d2-4e48-9bc3-ffad5c75238f,Brynne,Peidro,Thaxter
f65f168d-62ad-456c-bc4d-9713b57942d5,Mateo,Gathwaite,Ban
8e6bf634-8945-4e38-b8e6-7f0caf50b514,Pen,Saunter,Jard
da8cae34-eb5a-4c67-a5a8-ccffdc224dcd,Brigham,Mallan,Keene
17e2c153-7683-41bd-833f-c76c4f360853,Carolann,Vasse,Rheta
88b4a3be-6da2-4378-8c93-10f6a166f091,Lori,Claiton,Phaedra
43b93419-b3e0-434b-9d25-ba16c0fe6fe3,Duffie,Sircomb,Alis
ffbfa6ba-2332-4580-9a27-1e208e91278c,Garnet,Denge,Halsy
a21a6e24-ed98-4905-97a8-f513b265f697,Berkeley,Krzysztofiak,Pattie
b58bbcaf-0dfd-4d17-8a0c-116cd4619217,Louisette,Gallyhaock,Dyan
235d2c68-a44c-4f98-9b9d-f952fb554d2c,Nataline,Conkling,Gustavo
eed52201-3096-4f2e-bb23-28faf2cff5bf,Cherilyn,Welford,Letizia
f088c2f5-7c6f-4f62-b8e6-310b067391ef,Noble,Verheyden,Ferdinande
f7daea22-c094-4f68-804d-4c22e48c304b,Linda,Bafford,Kettie
993b9592-bb72-4852-8492-8c554daa261f,Harriette,Carlisso,Maurise
b6c88ee3-d2b1-4fe4-b3e2-294971a7c337,Min,Bowhey,Angil
01be8285-2e66-4acf-a326-54818b53af51,Bria,Broggio,Ryann
d116fa5d-8b77-4f42-b608-e4a4a4164d5f,Alain,Reede,Norbie
aea7135d-411c-437b-a325-d0c411794f5d,Mirna,Ducaen,Drucill
94449eba-15bc-438b-9644-9482ff60cb78,Rainer,Mallabon,Conant
2d54e24d-1d33-410f-aec2-54053d2467cc,Dudley,Illwell,Lethia
0399f7b2-405b-4023-80e0-4a300786a68e,Kenon,Gley,Goldina
42b8bca1-0945-43ed-a905-0f884b70079f,Faun,Pease,Pavlov
0ee67e6d-fd0f-4ed6-9be2-6ef6d9e9efa0,Valentine,Gooke,Pall
fd9dd331-fd62-42cc-b58a-18066ede1888,Lisle,Graalmans,Gaspar
04261e8f-1a65-4d6b-b34e-8e053dd641e2,Bartolemo,Lorrimer,Cletus
747373df-ea6c-4854-aacb-d37ac3e6132a,Tarra,Charker,Gavrielle
f6bef569-a435-41b0-a91f-2000ecab3358,Fedora,Polotti,Marietta
60863ec2-d5d1-4ec6-ae8c-5df45cc9a15e,Salim,Sutor,Lillis
32ad53c6-d507-4b75-a57f-b47bc6f73f8e,Ingrim,Tylor,Dre
15515e8e-4544-4510-80be-5e71629933e6,Mala,Altoft,Carolann
665727f9-7444-4abe-bf82-be19db51370e,Tildie,Maudsley,Mendy
7637fd68-5151-406e-80c6-4ae7977cf49c,Wilbert,Spurden,Cherish
ad6ec7b4-dd82-479d-a7b9-058224cca817,Michel,Ivachyov,Gwennie
6be8d13d-d2d7-4968-bef3-3347c4e4a896,Tyler,Moncarr,Cece
b00cf372-5816-4ac0-88d9-e7b12cd246ed,Barnard,Wort,Ekaterina
bcb6318f-d3e6-4cea-a154-16d7ef47595d,Hubie,Roze,Doris
16cc5978-40f2-4c3c-8895-74defb0204da,Lorne,Cannavan,Brandy
551e56fe-c6a0-4026-ab80-1a7926b45c89,Willette,Berrisford,Hettie
32cb9a59-51be-4d9a-a72b-4ee1a23aa369,Claire,Nealand,Derrick
ca339366-dc09-4148-aaab-f9efbfd1a2b4,Colette,Flageul,Andie
8b868ab7-22e9-4ea0-a343-01387ae19f04,Fleming,Di Matteo,Selestina
6a85b4b7-78db-470a-9cf5-bdf7c765f72e,Bran,Brounfield,Thoma
c2578c3b-5a7d-47d8-87e9-7f94b4e639fe,Yoshiko,Selland,Micki
76a454fb-2836-4ad2-a078-c6d86b8dd410,Jeanine,Gowry,Sergio
38dc879c-6b28-4e7f-a1a5-ce112cb16cc9,Esta,Batteson,Alexa
07c00cb6-5882-4fcd-94bf-56fa6c79a405,Jacquette,Gudge,Burke
a6ccf725-188b-4276-a584-4f476397c96f,Wanids,Benmore,Glenden
e6df3a6f-c7ef-441e-821e-d9a5caa26570,Madeleine,Percy,Margot
6a6b9610-6f10-48b3-aa9e-c4d77023aa7e,Neysa,Webberley,Reeta
0ac9e12f-ea10-44d4-a7be-f42f8e7b1d4a,Charmion,Alwood,Bailie
65848ff9-5e6f-4f4c-934a-6cb551bfcb6c,Krispin,Asel,Dee
5a5918c7-44a1-4b0d-b3a8-454e9406ecc1,Laurie,Dorrins,Felike
5ebec9e7-8fc5-4deb-a5bc-99f8d49c0bde,Nonah,Olivetta,Moselle
e2053bf8-6c59-4857-a4e4-99f6918117db,Waverly,Lampen,Arlene
ac8ec5a2-b883-443f-95ee-ed687ea96113,Almira,Tyer,Jose
5287472b-2718-4521-b47c-f5c0c81f25ea,Olly,Harnor,Pepillo
6d8e60e7-3297-4ff2-adcf-56097407b798,Falkner,Plummer,Cathyleen
40d24b02-788f-4ac1-94c8-d38d67379070,Rafaelia,Dougliss,Prudi
d4bfd731-1e82-4221-a11c-1cc8ba9f44bd,Mellicent,Larne,Kathi
2a4f294f-35e8-482d-8bc6-f41e46b457e3,Tabby,Geany,Worth
f7425784-1fef-4416-a223-84e195b27b9f,Guillemette,Pryce,Hunter
2a218c4f-8d7a-4dd4-bdf8-1aeccc6430ff,Coleman,Dudny,Luelle
46b09bfe-dcb2-4618-b50b-13000aed9c56,Clemmie,Huglin,Stesha
5965491a-b065-431f-b9c9-2ad38dc5ed79,Merridie,East,Nicki
363680cf-4f91-41f8-8b6e-9e54a53447e9,Ellie,Tapp,Con
2dec8b3f-8b22-4203-848f-721232b2a321,Gardener,Coldwell,Ginger
4c598162-ac9d-4651-b5ad-b07f49ed5acf,Bell,Fisbey,Alexandro
a7dd343a-a04a-417c-b624-84efe404e4ae,Koral,Cainey,Hailee
e6526f80-4ccd-4b2b-aac6-8c975c876b92,Dorisa,Shurville,Edithe
0279822f-1d26-468f-9fa2-84ed10700d90,Christa,Craisford,Gannon
f417e44a-42d8-45a7-8f98-973f233e4d17,Devonne,Olenov,Georgina
99bb604c-2df2-4658-81a3-a1553b729ac6,Marlyn,Tomsa,Alleyn
5cf7121f-2946-44b2-a31e-52600937d21c,Levon,Bentje,Cherrita
cf71c9c5-5585-4c49-845d-927d0da320a7,Lyndel,Andreassen,Barby
f017fc93-50d0-4072-bc0c-1796c1e1d56b,Lovell,Thomasson,Zerk
8a2d2d1f-1fdd-4e1b-a00b-9f5b5945c2b3,Caryl,Stapforth,Gawen
68aab998-5625-4c1a-9a87-9188857a1e68,Mehetabel,Anear,Lissy
766ed071-ac20-4c65-b395-9831b07a11bc,Letta,Acland,Sylvan
918056aa-95ee-4218-969b-263f06fa74c7,Randi,Rockcliffe,Kellie
56cc2701-5c31-4d3f-b97f-fa5835f593af,Priscella,Blundin,Ronny
43db9821-718a-4fdf-9ca1-e3ffac30ed91,Brant,Quene,Bobbie
1d6dab2c-7938-4e08-9064-de14c2c10252,Yoshiko,Hatliff,Andy
e810a74a-3812-4aaf-93bf-bcc582690ed9,Terry,Vispo,Kynthia
6cf1aed8-1be9-4107-9265-8c710844650c,Xenia,Snar,Reuven
